entity_type,normalized,count
action,сообщает о проблеме,259
action,задержано,85
action,не убирает,65
action,отсутствует,65
action,загрязнено,46
action,затоплено,32
action,опасно,32
action,повреждено,28
action,не устраняет,12
action,не работает,6
actor,жители,457
actor,управляющая компания,61
actor,администрация,11
actor,подрядчик,5
object,здание/дом,131
object,снег и наледь,130
object,дорога,104
object,дворовая территория,77
object,парк/сквер,66
object,мусор,50
object,общественный транспорт,30
object,тротуар,21
object,освещение,12
object,подъезд,12
object,водоснабжение,9
object,отопление,3
object,лифт,2
object,детская площадка,1
object,крыша,1
problem_anchor,проблемный сигнал,309
problem_anchor,нарушение содержания территории,134
problem_anchor,затопление/протечка,34
problem_anchor,аварийное состояние,31
problem_anchor,бездействие исполнителя,30
problem_anchor,отсутствие услуги,11
problem_anchor,техническая неисправность,6
territory,большая пороховская 56,2
territory,сегодня 23,2
territory,ул летчика лихолетова 14/2,2
territory,автобус нарушая пдд 12,1
territory,адресу пограничника гарькавого 28,1
territory,арка меду 4,1
territory,арки по ростовской 14-16,1
territory,бабушкина 52,1
territory,беспридела в жкс 2,1
territory,болела и вызывала 24,1
territory,большевиков 33,1
territory,бульвар трудящихся дом 17,1
territory,во дворах чудновского 2/11,1
territory,во дворе чудновского 2/11,1
territory,ворошилова 25/1,1
territory,вы с осени 2021,1
territory,вы с сентября 2021,1
territory,выплаты как малоимущие 2,1
territory,гатчинское шоссе 12кор,1
territory,где было 8,1
territory,глубиной до 40,1
territory,го декабря 2021,1
territory,гололед вокруг дома 13,1
territory,городе только 100,1
territory,гражданский 105,1
territory,дальневосточный проспект дом 80,1
territory,дворе евдокима огнева 22,1
territory,дворе улицы добровольцев 48,1
territory,дворового колодца до 2,1
territory,декабря 21г,1
territory,диабетом выписывают по 3,1
territory,до 1,1
territory,до асфальта добровольцев 24,1
territory,долгах свыше 500,1
territory,долго более 10,1
territory,должен платить на 1,1
territory,дольщица 2,1
territory,дом 4,1
territory,дом по стачек 212 корпус 2,1
territory,дом постройки 1988,1
territory,дома 12,1
territory,дома 25-этажные,1
territory,дома искровский проспект 6,1
territory,дома по костромскому 42,1
territory,дома проезд 5-й,1
territory,домами гатчинскоге шоссе 2,1
territory,домов колейность в 20,1
territory,домом ленинмкий 67к1,1
territory,дорог уже лет 6,1
territory,дороге от дома 28,1
territory,дублирование его автобусами 1,1
territory,елизарова 31,1
territory,есть квартира и 2,1
territory,же заменят маршрутку 289,1
territory,жильцы дома 9,1
territory,за фомина 14,1
territory,заявка по телефону 6040000,1
territory,заявка принята 2февраля,1
territory,заявки на 004,1
territory,звездная 14,1
territory,здравствуйте 21,1
territory,из льда составляет 15,1
territory,как 90-е,1
territory,катерников 7,1
territory,конце января 1,1
territory,корпус 2,1
territory,кубика улице ткачей 46,1
territory,лед вдоль домов 20-40,1
territory,ленинский 74-76,1
territory,ленинский проспект 77,1
territory,летом 2021,1
territory,лыжный 8,1
territory,между домами союзный 10,1
territory,мини трактор через 10,1
territory,младшей 3,1
territory,мусорной реформы от 01,1
territory,на газоне больше 1,1
territory,на детей от 3,1
territory,на загородном проспекте 16,1
territory,на композиторов 29,1
territory,на поверхности больше 30,1
territory,на работу в 5-30,1
territory,на самых незащищенных 3,1
territory,на сегодняшний день 24,1
territory,на улице руставели 59,1
territory,на чердак во 2,1
territory,на энергетиков в 60х,1
territory,напротив дома ильюшина 2,1
territory,народная 16,1
territory,нас во 2,1
territory,науки 15,1
territory,наш дом 33к2,1
territory,наши дети достигшие 18,1
territory,невестка вчера 22,1
territory,непокоренных 74,1
territory,ни разу за 2,1
territory,новаторов дома 26/2,1
territory,обещали сначала до 11,1
territory,обещание от жкс 3,1
territory,она была после 10,1
territory,ооо жкс 2,1
territory,ориентир трефолева 4к1,1
territory,от дома 13,1
territory,отношении ооо жкс 2,1
territory,очень много вызовов 56пликлиника,1
territory,очистке крыши дома 52,1
territory,парадная 5,1
territory,перекрестку ежедневно с 6,1
territory,переполнена почти в 2,1
territory,переулок декабристов д 8,1
territory,петергофское шоссе 73,1
territory,петергофское шоссе дом 15,1
territory,пешеходной дорожки 3,1
territory,пионер лен обл 73000,1
territory,писала обращение 174963796,1
territory,письмо александру коновалову 16,1
territory,планируются выполняться с 12,1
territory,по 18,1
territory,по адресу бестужевская 61,1
territory,по адресу бухарестская 31-5,1
territory,по адресу прибрежная 2/41,1
territory,по адресу школьная 73,1
territory,по гост 52289-2019,1
territory,по обращению в 95,1
territory,подгорышев андрей викторович 05,1
territory,подъезд 4,1
territory,поликлиника 48,1
territory,поликлинике 95,1
territory,понедельник 21,1
territory,посещают коррекционную школу 34,1
territory,преклонный возраст 85,1
territory,примерно 15-20,1
territory,проблему с 50,1
territory,проверялась в течение 40,1
territory,проезд между домами 55,1
territory,проезд между домами 9,1
territory,происходит в поликлинике 56,1
territory,просвещения 15,1
territory,проспект героев дом 24 корпус 2,1
territory,проспект луначарского 84к4,1
territory,против администрации германа 9к2,1
territory,прошу 1,1
territory,пс взял 30,1
territory,работает освещение в 3м,1
territory,рабочие скидывали с 5,1
territory,раз по телефону 004,1
territory,ребенка имеет инвалидность 3,1
territory,ребенку 3,1
territory,регионального маткапитала на 3,1
territory,регистрации очередь на 3,1
territory,рижский проспект 62,1
territory,рыбацкий проспект 15,1
territory,садик 3года,1
territory,сделал прививки 3,1
territory,сегодня уже 23,1
territory,сиреневый бульвар 1,1
territory,славянка колпинское шоссе 10 корпус 4,1
territory,славянка ростовская ул 26к2,1
territory,слива являются более 15,1
territory,снег у дома 38,1
territory,сосновское на есенина 7к1,1
territory,сотрудникам ооо жкс 2,1
territory,софийская 42,1
territory,спасть на протяжении 2,1
territory,список на 2021,1
territory,срок до 21,1
territory,срок до 23,1
territory,стачек 75,1
territory,территории между домами 25/2,1
territory,территории между домамиворошилова 25/2,1
territory,том что 90,1
territory,тротуар у дома 9,1
territory,убирают 1,1
territory,уборка на луначарского 42,1
territory,убран у школы 34,1
territory,уже 2,1
territory,уже 40,1
territory,уже ждем 50,1
territory,уже на 2035-2050,1
territory,ул авангардная д23,1
territory,ул гвардейская 8,1
territory,ул народная д2,1
territory,ул планерная 73,1
territory,ул тихоокеанская д18,1
territory,ул шотмана дом 12,1
territory,ул. беринга 3,1
territory,ул. вологдина в 2023,1
territory,ул. дыбенко 27-3,1
territory,ул. краснопутиллвской в доме 61сидим,1
territory,ул. павловская д17,1
territory,ул. планерная д.67,1
territory,ул. седова д. 73,1
territory,ул. токарева 14,1
territory,улица джона рида дом 7,1
territory,улица дом 3,1
territory,улица ивановская 36,1
territory,улице евдокима огнева 22,1
territory,улице маршала казакова 82/1,1
territory,улице шотмана дом 14,1
territory,утром в 9,1
territory,федеральной льготе онкобольная 4ст,1
territory,фото сделано 21,1
territory,хошимина корпуса 1и,1
territory,что в 2007,1
territory,что в школе 475,1
territory,чудновского дом 1,1
territory,школа 8го,1
territory,шоссе дома с 170,1
territory,шоссе около дома 55/1,1
territory,штраф от 100,1
territory,энгельса 126 корпус 3,1
territory,энергетиков дом 40/4,1
territory,это было 13,1
territory,этого требует сп 98,1
territory,этот месяц жкс 2,1
territory,ярослава гашека лом 12/100,1
theme,благоустройство,93
theme,дороги,77
theme,дворы и территории общего пользования,76
theme,автомобильные дороги,67
theme,многоквартирные дома,22
theme,мусор/свалки/тко,21
theme,мусор,19
theme,жкх,18
theme,образование,16
theme,торговля,14
theme,общественный транспорт,13
theme,социальное обслуживание и защита,10
theme,здравоохранение/медицина,9
theme,медицина,7
theme,безопасность,5
theme,коронавирус,5
theme,строительство и архитектура,4
theme,телефонные обращения по вопросам здравоохранения,4
theme,цур,4
theme,роспотребнадзор,2
theme,улучшение жилищных условий,2
theme,учреждения культуры,2
theme,безнадзорные животные,1
theme,водоснабжение,1
theme,законность и правопорядок,1
theme,иное,1
theme,"мфц ""мои документы""",1
theme,погребение и похоронное дело,1
theme,портал госуслуг (региональный),1
theme,пушкинская карта,1
theme,реклама,1
theme,физическая культура и спорт,1
