Узел,Тип,Degree,In_Degree,Out_Degree,Betweenness,Степень
здание/дом,object,1.9375812743823146,0.8088426527958388,1.1287386215864759,0.01824748101213072,1490
снег и наледь,object,1.8283485045513654,0.7802340702210664,1.048114434330299,0.014418651311633267,1406
жители,actor,1.6280884265279585,0.0,1.6280884265279585,0.0,1252
нарушение содержания территории,problem_anchor,1.6020806241872563,1.6020806241872563,0.0,0.0,1232
дорога,object,1.293888166449935,0.5565669700910273,0.7373211963589077,0.008112682450042251,995
проблемный сигнал,problem_anchor,1.209362808842653,1.209362808842653,0.0,0.0,930
дворовая территория,object,1.048114434330299,0.44213263979193757,0.6059817945383615,0.005497038195754061,806
благоустройство,theme,1.0,0.9024707412223667,0.0975292587776333,0.002638976475101922,769
мусор,object,0.7945383615084526,0.34850455136540964,0.44603381014304294,0.0020414175561891752,611
парк/сквер,object,0.7152145643693109,0.31469440832249673,0.40052015604681407,0.0036074793576165083,550
жилищно-коммунальное,theme,0.6983094928478544,0.6983094928478544,0.0,0.0,537
затопление/протечка,problem_anchor,0.5617685305591678,0.5617685305591678,0.0,0.0,432
бездействие исполнителя,problem_anchor,0.44213263979193757,0.44213263979193757,0.0,0.0,340
управляющая компания,actor,0.4265279583875163,0.0,0.4265279583875163,0.0,328
общественный транспорт,object,0.33810143042912877,0.1482444733420026,0.18985695708712613,0.0007390937820066558,260
инфраструктура,theme,0.32769830949284784,0.32769830949284784,0.0,0.0,252
аварийное состояние,problem_anchor,0.3198959687906372,0.3198959687906372,0.0,0.0,246
водоснабжение,object,0.23016905071521457,0.09362808842652796,0.13654096228868662,0.00012593642510742641,177
тротуар,object,0.23016905071521457,0.0988296488946684,0.13133940182054615,0.0002964459939833802,177
подъезд,object,0.2197659297789337,0.09362808842652796,0.12613784135240572,0.00021830200379859027,169
appeal_000347,appeal,0.2106631989596879,0.0,0.2106631989596879,0.0,162
освещение,object,0.20026007802340703,0.0858257477243173,0.11443433029908973,0.00019456295718080503,154
appeal_000421,appeal,0.18725617685305593,0.0,0.18725617685305593,0.0,144
appeal_000332,appeal,0.18725617685305593,0.0,0.18725617685305593,0.0,144
appeal_000094,appeal,0.18725617685305593,0.0,0.18725617685305593,0.0,144
дороги,theme,0.17425227568270482,0.0975292587776333,0.07672301690507152,0.00047411483809199997,134
appeal_000430,appeal,0.15604681404421328,0.0,0.15604681404421328,0.0,120
декабря 21г,territory,0.14044213263979194,0.14044213263979194,0.0,0.0,108
очистке крыши дома 52,territory,0.12483745123537061,0.12483745123537061,0.0,0.0,96
сосновское на есенина 7к1,territory,0.12483745123537061,0.12483745123537061,0.0,0.0,96
appeal_000455,appeal,0.12483745123537061,0.0,0.12483745123537061,0.0,96
дом по стачек 212 корпус 2,territory,0.12483745123537061,0.12483745123537061,0.0,0.0,96
социальное обслуживание и защита,theme,0.11313394018205462,0.05851755526657997,0.054616384915474644,0.00011721253644611901,87
ул летчика лихолетова 14/2,territory,0.11183355006501951,0.11183355006501951,0.0,0.0,86
отсутствие услуги,problem_anchor,0.10663198959687907,0.10663198959687907,0.0,0.0,82
appeal_000046,appeal,0.10533159947984395,0.0,0.10533159947984395,0.0,81
appeal_000343,appeal,0.10533159947984395,0.0,0.10533159947984395,0.0,81
писала обращение 174963796,territory,0.10403120936280885,0.10403120936280885,0.0,0.0,80
appeal_000211,appeal,0.10403120936280885,0.0,0.10403120936280885,0.0,80
дворы и территории общего пользования,theme,0.10013003901170352,0.05851755526657997,0.04161248374512354,0.00011449125367871303,77
appeal_000403,appeal,0.09362808842652796,0.0,0.09362808842652796,0.0,72
образование,theme,0.08842652795838751,0.04681404421326398,0.04161248374512354,0.00014921577167594722,68
торговля,theme,0.08452535760728219,0.05071521456436931,0.033810143042912875,4.3415802518533334e-08,65
уже 2,territory,0.08322496749024708,0.08322496749024708,0.0,0.0,64
жкх,theme,0.08322496749024708,0.04291287386215865,0.04031209362808843,0.00011759351011321913,64
транспорт,theme,0.0741222366710013,0.0741222366710013,0.0,0.0,57
отопление,object,0.07152145643693109,0.02860858257477243,0.04291287386215865,2.2126873150930368e-05,55
appeal_000341,appeal,0.07022106631989597,0.0,0.07022106631989597,0.0,54
заявки на 004,territory,0.07022106631989597,0.07022106631989597,0.0,0.0,54
appeal_000465,appeal,0.07022106631989597,0.0,0.07022106631989597,0.0,54
appeal_000067,appeal,0.07022106631989597,0.0,0.07022106631989597,0.0,54
appeal_000322,appeal,0.07022106631989597,0.0,0.07022106631989597,0.0,54
appeal_000359,appeal,0.07022106631989597,0.0,0.07022106631989597,0.0,54
appeal_000436,appeal,0.07022106631989597,0.0,0.07022106631989597,0.0,54
appeal_000481,appeal,0.07022106631989597,0.0,0.07022106631989597,0.0,54
здравоохранение/медицина,theme,0.06762028608582575,0.035110533159947985,0.032509752925877766,7.127138141442433e-05,52
appeal_000292,appeal,0.06241872561768531,0.0,0.06241872561768531,0.0,48
appeal_000422,appeal,0.06241872561768531,0.0,0.06241872561768531,0.0,48
безопасность,theme,0.06241872561768531,0.054616384915474644,0.007802340702210663,4.3415802518533334e-08,48
appeal_000492,appeal,0.06241872561768531,0.0,0.06241872561768531,0.0,48
проезд между домами 55,territory,0.06241872561768531,0.06241872561768531,0.0,0.0,48
appeal_000208,appeal,0.06241872561768531,0.0,0.06241872561768531,0.0,48
appeal_000273,appeal,0.06241872561768531,0.0,0.06241872561768531,0.0,48
appeal_000281,appeal,0.06241872561768531,0.0,0.06241872561768531,0.0,48
автомобильные дороги,theme,0.05851755526657997,0.035110533159947985,0.02340702210663199,1.3748337464202222e-07,45
администрация,actor,0.054616384915474644,0.0,0.054616384915474644,0.0,42
дома по костромскому 42,territory,0.04681404421326398,0.04681404421326398,0.0,0.0,36
по адресу бухарестская 31-5,territory,0.04681404421326398,0.04681404421326398,0.0,0.0,36
appeal_000283,appeal,0.04681404421326398,0.0,0.04681404421326398,0.0,36
appeal_000392,appeal,0.04681404421326398,0.0,0.04681404421326398,0.0,36
работает освещение в 3м,territory,0.04681404421326398,0.04681404421326398,0.0,0.0,36
мусор/свалки/тко,theme,0.04681404421326398,0.027308192457737322,0.01950585175552666,1.1895929890078133e-05,36
appeal_000049,appeal,0.04681404421326398,0.0,0.04681404421326398,0.0,36
appeal_000427,appeal,0.04681404421326398,0.0,0.04681404421326398,0.0,36
ул. дыбенко 27-3,territory,0.04681404421326398,0.04681404421326398,0.0,0.0,36
техническая неисправность,problem_anchor,0.04681404421326398,0.04681404421326398,0.0,0.0,36
appeal_000445,appeal,0.04681404421326398,0.0,0.04681404421326398,0.0,36
на энергетиков в 60х,territory,0.04681404421326398,0.04681404421326398,0.0,0.0,36
из льда составляет 15,territory,0.04681404421326398,0.04681404421326398,0.0,0.0,36
appeal_000438,appeal,0.04681404421326398,0.0,0.04681404421326398,0.0,36
шоссе около дома 55/1,territory,0.04161248374512354,0.04161248374512354,0.0,0.0,32
улица джона рида дом 7,territory,0.04161248374512354,0.04161248374512354,0.0,0.0,32
мусорной реформы от 01,territory,0.04161248374512354,0.04161248374512354,0.0,0.0,32
ярослава гашека лом 12/100,territory,0.04161248374512354,0.04161248374512354,0.0,0.0,32
хошимина корпуса 1и,territory,0.04161248374512354,0.04161248374512354,0.0,0.0,32
крыша,object,0.03901170351105332,0.015604681404421327,0.02340702210663199,2.0653517483816574e-06,30
appeal_000478,appeal,0.03901170351105332,0.0,0.03901170351105332,0.0,30
appeal_000337,appeal,0.035110533159947985,0.0,0.035110533159947985,0.0,27
подрядчик,actor,0.035110533159947985,0.0,0.035110533159947985,0.0,27
appeal_000033,appeal,0.031209362808842653,0.0,0.031209362808842653,0.0,24
ул народная д2,territory,0.031209362808842653,0.031209362808842653,0.0,0.0,24
мини трактор через 10,territory,0.031209362808842653,0.031209362808842653,0.0,0.0,24
appeal_000007,appeal,0.031209362808842653,0.0,0.031209362808842653,0.0,24
appeal_000014,appeal,0.031209362808842653,0.0,0.031209362808842653,0.0,24
appeal_000497,appeal,0.031209362808842653,0.0,0.031209362808842653,0.0,24
по адресу прибрежная 2/41,territory,0.031209362808842653,0.031209362808842653,0.0,0.0,24
appeal_000182,appeal,0.031209362808842653,0.0,0.031209362808842653,0.0,24
appeal_000154,appeal,0.031209362808842653,0.0,0.031209362808842653,0.0,24
appeal_000278,appeal,0.031209362808842653,0.0,0.031209362808842653,0.0,24
ни разу за 2,territory,0.031209362808842653,0.031209362808842653,0.0,0.0,24
понедельник 21,territory,0.031209362808842653,0.031209362808842653,0.0,0.0,24
appeal_000190,appeal,0.031209362808842653,0.0,0.031209362808842653,0.0,24
медицина,theme,0.02860858257477243,0.015604681404421327,0.013003901170351106,2.0474892467740322e-05,22
телефонные обращения по вопросам здравоохранения,theme,0.027308192457737322,0.015604681404421327,0.011703511053315995,6.816280995409734e-06,21
территории между домамиворошилова 25/2,territory,0.026007802340702213,0.026007802340702213,0.0,0.0,20
appeal_000145,appeal,0.02340702210663199,0.0,0.02340702210663199,0.0,18
appeal_000185,appeal,0.02340702210663199,0.0,0.02340702210663199,0.0,18
appeal_000184,appeal,0.02340702210663199,0.0,0.02340702210663199,0.0,18
appeal_000277,appeal,0.02340702210663199,0.0,0.02340702210663199,0.0,18
appeal_000442,appeal,0.02340702210663199,0.0,0.02340702210663199,0.0,18
appeal_000448,appeal,0.02340702210663199,0.0,0.02340702210663199,0.0,18
appeal_000037,appeal,0.02340702210663199,0.0,0.02340702210663199,0.0,18
appeal_000009,appeal,0.02340702210663199,0.0,0.02340702210663199,0.0,18
appeal_000167,appeal,0.02340702210663199,0.0,0.02340702210663199,0.0,18
appeal_000394,appeal,0.02340702210663199,0.0,0.02340702210663199,0.0,18
appeal_000317,appeal,0.02340702210663199,0.0,0.02340702210663199,0.0,18
appeal_000318,appeal,0.02340702210663199,0.0,0.02340702210663199,0.0,18
appeal_000097,appeal,0.02340702210663199,0.0,0.02340702210663199,0.0,18
ул. беринга 3,territory,0.02340702210663199,0.02340702210663199,0.0,0.0,18
по адресу бестужевская 61,territory,0.02080624187256177,0.02080624187256177,0.0,0.0,16
многоквартирные дома,theme,0.02080624187256177,0.011703511053315995,0.009102730819245773,5.123064697186934e-06,16
от дома 13,territory,0.02080624187256177,0.02080624187256177,0.0,0.0,16
appeal_000212,appeal,0.02080624187256177,0.0,0.02080624187256177,0.0,16
на поверхности больше 30,territory,0.02080624187256177,0.02080624187256177,0.0,0.0,16
улице шотмана дом 14,territory,0.02080624187256177,0.02080624187256177,0.0,0.0,16
шоссе дома с 170,territory,0.02080624187256177,0.02080624187256177,0.0,0.0,16
appeal_000434,appeal,0.01950585175552666,0.0,0.01950585175552666,0.0,15
appeal_000316,appeal,0.01950585175552666,0.0,0.01950585175552666,0.0,15
коронавирус,theme,0.01950585175552666,0.011703511053315995,0.007802340702210663,4.3415802518533334e-08,15
лифт,object,0.018205461638491547,0.007802340702210663,0.010403120936280884,6.587831177395546e-06,14
appeal_000078,appeal,0.015604681404421327,0.0,0.015604681404421327,0.0,12
проспект луначарского 84к4,territory,0.015604681404421327,0.015604681404421327,0.0,0.0,12
appeal_000196,appeal,0.015604681404421327,0.0,0.015604681404421327,0.0,12
appeal_000219,appeal,0.015604681404421327,0.0,0.015604681404421327,0.0,12
вы с сентября 2021,territory,0.015604681404421327,0.015604681404421327,0.0,0.0,12
appeal_000133,appeal,0.015604681404421327,0.0,0.015604681404421327,0.0,12
appeal_000013,appeal,0.015604681404421327,0.0,0.015604681404421327,0.0,12
appeal_000477,appeal,0.015604681404421327,0.0,0.015604681404421327,0.0,12
appeal_000015,appeal,0.015604681404421327,0.0,0.015604681404421327,0.0,12
appeal_000026,appeal,0.015604681404421327,0.0,0.015604681404421327,0.0,12
конце января 1,territory,0.015604681404421327,0.015604681404421327,0.0,0.0,12
appeal_000004,appeal,0.015604681404421327,0.0,0.015604681404421327,0.0,12
дома искровский проспект 6,territory,0.015604681404421327,0.015604681404421327,0.0,0.0,12
appeal_000027,appeal,0.015604681404421327,0.0,0.015604681404421327,0.0,12
appeal_000044,appeal,0.015604681404421327,0.0,0.015604681404421327,0.0,12
appeal_000050,appeal,0.015604681404421327,0.0,0.015604681404421327,0.0,12
appeal_000042,appeal,0.015604681404421327,0.0,0.015604681404421327,0.0,12
примерно 15-20,territory,0.015604681404421327,0.015604681404421327,0.0,0.0,12
appeal_000405,appeal,0.015604681404421327,0.0,0.015604681404421327,0.0,12
appeal_000064,appeal,0.015604681404421327,0.0,0.015604681404421327,0.0,12
appeal_000485,appeal,0.015604681404421327,0.0,0.015604681404421327,0.0,12
appeal_000482,appeal,0.015604681404421327,0.0,0.015604681404421327,0.0,12
appeal_000047,appeal,0.015604681404421327,0.0,0.015604681404421327,0.0,12
appeal_000447,appeal,0.015604681404421327,0.0,0.015604681404421327,0.0,12
appeal_000388,appeal,0.015604681404421327,0.0,0.015604681404421327,0.0,12
дом постройки 1988,territory,0.015604681404421327,0.015604681404421327,0.0,0.0,12
appeal_000284,appeal,0.015604681404421327,0.0,0.015604681404421327,0.0,12
appeal_000090,appeal,0.015604681404421327,0.0,0.015604681404421327,0.0,12
appeal_000302,appeal,0.015604681404421327,0.0,0.015604681404421327,0.0,12
на улице руставели 59,territory,0.015604681404421327,0.015604681404421327,0.0,0.0,12
appeal_000490,appeal,0.015604681404421327,0.0,0.015604681404421327,0.0,12
appeal_000003,appeal,0.015604681404421327,0.0,0.015604681404421327,0.0,12
appeal_000200,appeal,0.015604681404421327,0.0,0.015604681404421327,0.0,12
на работу в 5-30,territory,0.015604681404421327,0.015604681404421327,0.0,0.0,12
appeal_000175,appeal,0.015604681404421327,0.0,0.015604681404421327,0.0,12
снег у дома 38,territory,0.015604681404421327,0.015604681404421327,0.0,0.0,12
appeal_000446,appeal,0.015604681404421327,0.0,0.015604681404421327,0.0,12
appeal_000045,appeal,0.015604681404421327,0.0,0.015604681404421327,0.0,12
appeal_000254,appeal,0.015604681404421327,0.0,0.015604681404421327,0.0,12
дом 4,territory,0.015604681404421327,0.015604681404421327,0.0,0.0,12
appeal_000127,appeal,0.015604681404421327,0.0,0.015604681404421327,0.0,12
appeal_000096,appeal,0.015604681404421327,0.0,0.015604681404421327,0.0,12
appeal_000486,appeal,0.013003901170351106,0.0,0.013003901170351106,0.0,10
улучшение жилищных условий,theme,0.013003901170351106,0.007802340702210663,0.005201560468140442,4.3415802518533334e-08,10
до асфальта добровольцев 24,territory,0.013003901170351106,0.013003901170351106,0.0,0.0,10
наш дом 33к2,territory,0.013003901170351106,0.013003901170351106,0.0,0.0,10
appeal_000314,appeal,0.011703511053315995,0.0,0.011703511053315995,0.0,9
appeal_000081,appeal,0.011703511053315995,0.0,0.011703511053315995,0.0,9
appeal_000303,appeal,0.011703511053315995,0.0,0.011703511053315995,0.0,9
appeal_000114,appeal,0.011703511053315995,0.0,0.011703511053315995,0.0,9
appeal_000310,appeal,0.011703511053315995,0.0,0.011703511053315995,0.0,9
appeal_000319,appeal,0.011703511053315995,0.0,0.011703511053315995,0.0,9
appeal_000165,appeal,0.011703511053315995,0.0,0.011703511053315995,0.0,9
appeal_000001,appeal,0.011703511053315995,0.0,0.011703511053315995,0.0,9
appeal_000008,appeal,0.011703511053315995,0.0,0.011703511053315995,0.0,9
appeal_000431,appeal,0.011703511053315995,0.0,0.011703511053315995,0.0,9
appeal_000413,appeal,0.011703511053315995,0.0,0.011703511053315995,0.0,9
appeal_000416,appeal,0.011703511053315995,0.0,0.011703511053315995,0.0,9
appeal_000051,appeal,0.011703511053315995,0.0,0.011703511053315995,0.0,9
appeal_000424,appeal,0.011703511053315995,0.0,0.011703511053315995,0.0,9
appeal_000415,appeal,0.011703511053315995,0.0,0.011703511053315995,0.0,9
appeal_000024,appeal,0.011703511053315995,0.0,0.011703511053315995,0.0,9
appeal_000414,appeal,0.011703511053315995,0.0,0.011703511053315995,0.0,9
appeal_000453,appeal,0.011703511053315995,0.0,0.011703511053315995,0.0,9
ул планерная 73,territory,0.010403120936280884,0.010403120936280884,0.0,0.0,8
улице евдокима огнева 22,territory,0.010403120936280884,0.010403120936280884,0.0,0.0,8
рижский проспект 62,territory,0.010403120936280884,0.010403120936280884,0.0,0.0,8
петергофское шоссе дом 15,territory,0.010403120936280884,0.010403120936280884,0.0,0.0,8
непокоренных 74,territory,0.010403120936280884,0.010403120936280884,0.0,0.0,8
appeal_000456,appeal,0.010403120936280884,0.0,0.010403120936280884,0.0,8
ул. седова д. 73,territory,0.010403120936280884,0.010403120936280884,0.0,0.0,8
во дворах чудновского 2/11,territory,0.010403120936280884,0.010403120936280884,0.0,0.0,8
лед вдоль домов 20-40,territory,0.010403120936280884,0.010403120936280884,0.0,0.0,8
дворе улицы добровольцев 48,territory,0.010403120936280884,0.010403120936280884,0.0,0.0,8
appeal_000441,appeal,0.010403120936280884,0.0,0.010403120936280884,0.0,8
appeal_000432,appeal,0.010403120936280884,0.0,0.010403120936280884,0.0,8
уборка на луначарского 42,territory,0.010403120936280884,0.010403120936280884,0.0,0.0,8
ул. планерная д.67,territory,0.010403120936280884,0.010403120936280884,0.0,0.0,8
улица ивановская 36,territory,0.010403120936280884,0.010403120936280884,0.0,0.0,8
appeal_000454,appeal,0.010403120936280884,0.0,0.010403120936280884,0.0,8
славянка ростовская ул 26к2,territory,0.010403120936280884,0.010403120936280884,0.0,0.0,8
appeal_000362,appeal,0.010403120936280884,0.0,0.010403120936280884,0.0,8
арка меду 4,territory,0.010403120936280884,0.010403120936280884,0.0,0.0,8
appeal_000308,appeal,0.010403120936280884,0.0,0.010403120936280884,0.0,8
appeal_000091,appeal,0.010403120936280884,0.0,0.010403120936280884,0.0,8
на композиторов 29,territory,0.010403120936280884,0.010403120936280884,0.0,0.0,8
корпус 2,territory,0.010403120936280884,0.010403120936280884,0.0,0.0,8
appeal_000276,appeal,0.010403120936280884,0.0,0.010403120936280884,0.0,8
адресу пограничника гарькавого 28,territory,0.010403120936280884,0.010403120936280884,0.0,0.0,8
бульвар трудящихся дом 17,territory,0.010403120936280884,0.010403120936280884,0.0,0.0,8
appeal_000233,appeal,0.010403120936280884,0.0,0.010403120936280884,0.0,8
appeal_000112,appeal,0.010403120936280884,0.0,0.010403120936280884,0.0,8
ул. краснопутиллвской в доме 61сидим,territory,0.010403120936280884,0.010403120936280884,0.0,0.0,8
как 90-е,territory,0.010403120936280884,0.010403120936280884,0.0,0.0,8
на самых незащищенных 3,territory,0.010403120936280884,0.010403120936280884,0.0,0.0,8
appeal_000183,appeal,0.010403120936280884,0.0,0.010403120936280884,0.0,8
appeal_000187,appeal,0.010403120936280884,0.0,0.010403120936280884,0.0,8
жильцы дома 9,territory,0.010403120936280884,0.010403120936280884,0.0,0.0,8
что в 2007,territory,0.010403120936280884,0.010403120936280884,0.0,0.0,8
appeal_000139,appeal,0.010403120936280884,0.0,0.010403120936280884,0.0,8
елизарова 31,territory,0.010403120936280884,0.010403120936280884,0.0,0.0,8
территории между домами 25/2,territory,0.010403120936280884,0.010403120936280884,0.0,0.0,8
appeal_000011,appeal,0.007802340702210663,0.0,0.007802340702210663,0.0,6
appeal_000473,appeal,0.007802340702210663,0.0,0.007802340702210663,0.0,6
appeal_000496,appeal,0.007802340702210663,0.0,0.007802340702210663,0.0,6
чудновского дом 1,territory,0.007802340702210663,0.007802340702210663,0.0,0.0,6
appeal_000285,appeal,0.007802340702210663,0.0,0.007802340702210663,0.0,6
перекрестку ежедневно с 6,territory,0.007802340702210663,0.007802340702210663,0.0,0.0,6
appeal_000299,appeal,0.007802340702210663,0.0,0.007802340702210663,0.0,6
appeal_000297,appeal,0.007802340702210663,0.0,0.007802340702210663,0.0,6
слива являются более 15,territory,0.007802340702210663,0.007802340702210663,0.0,0.0,6
где было 8,territory,0.007802340702210663,0.007802340702210663,0.0,0.0,6
appeal_000450,appeal,0.007802340702210663,0.0,0.007802340702210663,0.0,6
фото сделано 21,territory,0.007802340702210663,0.007802340702210663,0.0,0.0,6
appeal_000162,appeal,0.007802340702210663,0.0,0.007802340702210663,0.0,6
appeal_000161,appeal,0.007802340702210663,0.0,0.007802340702210663,0.0,6
appeal_000157,appeal,0.007802340702210663,0.0,0.007802340702210663,0.0,6
appeal_000444,appeal,0.007802340702210663,0.0,0.007802340702210663,0.0,6
по адресу школьная 73,territory,0.007802340702210663,0.007802340702210663,0.0,0.0,6
сегодня 23,territory,0.007802340702210663,0.007802340702210663,0.0,0.0,6
appeal_000100,appeal,0.007802340702210663,0.0,0.007802340702210663,0.0,6
appeal_000291,appeal,0.007802340702210663,0.0,0.007802340702210663,0.0,6
appeal_000336,appeal,0.007802340702210663,0.0,0.007802340702210663,0.0,6
appeal_000334,appeal,0.007802340702210663,0.0,0.007802340702210663,0.0,6
appeal_000176,appeal,0.007802340702210663,0.0,0.007802340702210663,0.0,6
appeal_000174,appeal,0.007802340702210663,0.0,0.007802340702210663,0.0,6
appeal_000173,appeal,0.007802340702210663,0.0,0.007802340702210663,0.0,6
appeal_000439,appeal,0.007802340702210663,0.0,0.007802340702210663,0.0,6
appeal_000433,appeal,0.007802340702210663,0.0,0.007802340702210663,0.0,6
appeal_000462,appeal,0.007802340702210663,0.0,0.007802340702210663,0.0,6
на сегодняшний день 24,territory,0.007802340702210663,0.007802340702210663,0.0,0.0,6
appeal_000331,appeal,0.007802340702210663,0.0,0.007802340702210663,0.0,6
appeal_000330,appeal,0.007802340702210663,0.0,0.007802340702210663,0.0,6
appeal_000109,appeal,0.007802340702210663,0.0,0.007802340702210663,0.0,6
appeal_000345,appeal,0.007802340702210663,0.0,0.007802340702210663,0.0,6
appeal_000071,appeal,0.007802340702210663,0.0,0.007802340702210663,0.0,6
appeal_000068,appeal,0.007802340702210663,0.0,0.007802340702210663,0.0,6
appeal_000365,appeal,0.007802340702210663,0.0,0.007802340702210663,0.0,6
appeal_000358,appeal,0.007802340702210663,0.0,0.007802340702210663,0.0,6
appeal_000123,appeal,0.007802340702210663,0.0,0.007802340702210663,0.0,6
славянка колпинское шоссе 10 корпус 4,territory,0.007802340702210663,0.007802340702210663,0.0,0.0,6
appeal_000035,appeal,0.007802340702210663,0.0,0.007802340702210663,0.0,6
appeal_000440,appeal,0.007802340702210663,0.0,0.007802340702210663,0.0,6
appeal_000248,appeal,0.007802340702210663,0.0,0.007802340702210663,0.0,6
appeal_000215,appeal,0.007802340702210663,0.0,0.007802340702210663,0.0,6
"мфц ""мои документы""",theme,0.007802340702210663,0.0039011703511053317,0.0039011703511053317,1.7366321007413334e-06,6
appeal_000402,appeal,0.007802340702210663,0.0,0.007802340702210663,0.0,6
appeal_000227,appeal,0.007802340702210663,0.0,0.007802340702210663,0.0,6
appeal_000060,appeal,0.007802340702210663,0.0,0.007802340702210663,0.0,6
appeal_000209,appeal,0.007802340702210663,0.0,0.007802340702210663,0.0,6
appeal_000207,appeal,0.007802340702210663,0.0,0.007802340702210663,0.0,6
ул шотмана дом 12,territory,0.007802340702210663,0.007802340702210663,0.0,0.0,6
appeal_000053,appeal,0.007802340702210663,0.0,0.007802340702210663,0.0,6
во дворе чудновского 2/11,territory,0.007802340702210663,0.007802340702210663,0.0,0.0,6
appeal_000048,appeal,0.007802340702210663,0.0,0.007802340702210663,0.0,6
appeal_000417,appeal,0.007802340702210663,0.0,0.007802340702210663,0.0,6
дороге от дома 28,territory,0.007802340702210663,0.007802340702210663,0.0,0.0,6
appeal_000429,appeal,0.007802340702210663,0.0,0.007802340702210663,0.0,6
роспотребнадзор,theme,0.007802340702210663,0.0039011703511053317,0.0039011703511053317,1.7366321007413334e-06,6
appeal_000191,appeal,0.007802340702210663,0.0,0.007802340702210663,0.0,6
appeal_000128,appeal,0.007802340702210663,0.0,0.007802340702210663,0.0,6
appeal_000188,appeal,0.007802340702210663,0.0,0.007802340702210663,0.0,6
appeal_000117,appeal,0.007802340702210663,0.0,0.007802340702210663,0.0,6
тротуар у дома 9,territory,0.007802340702210663,0.007802340702210663,0.0,0.0,6
гатчинское шоссе 12кор,territory,0.007802340702210663,0.007802340702210663,0.0,0.0,6
домами гатчинскоге шоссе 2,territory,0.007802340702210663,0.007802340702210663,0.0,0.0,6
домом ленинмкий 67к1,territory,0.007802340702210663,0.007802340702210663,0.0,0.0,6
appeal_000038,appeal,0.007802340702210663,0.0,0.007802340702210663,0.0,6
appeal_000012,appeal,0.007802340702210663,0.0,0.007802340702210663,0.0,6
appeal_000132,appeal,0.007802340702210663,0.0,0.007802340702210663,0.0,6
appeal_000082,appeal,0.007802340702210663,0.0,0.007802340702210663,0.0,6
домов колейность в 20,territory,0.007802340702210663,0.007802340702210663,0.0,0.0,6
appeal_000076,appeal,0.007802340702210663,0.0,0.007802340702210663,0.0,6
appeal_000017,appeal,0.007802340702210663,0.0,0.007802340702210663,0.0,6
appeal_000152,appeal,0.007802340702210663,0.0,0.007802340702210663,0.0,6
appeal_000146,appeal,0.007802340702210663,0.0,0.007802340702210663,0.0,6
appeal_000144,appeal,0.007802340702210663,0.0,0.007802340702210663,0.0,6
сегодня уже 23,territory,0.007802340702210663,0.007802340702210663,0.0,0.0,6
appeal_000006,appeal,0.007802340702210663,0.0,0.007802340702210663,0.0,6
appeal_000005,appeal,0.007802340702210663,0.0,0.007802340702210663,0.0,6
энгельса 126 корпус 3,territory,0.007802340702210663,0.007802340702210663,0.0,0.0,6
цур,theme,0.006501950585175553,0.0039011703511053317,0.002600780234070221,4.3415802518533334e-08,5
строительство и архитектура,theme,0.006501950585175553,0.0039011703511053317,0.002600780234070221,4.3415802518533334e-08,5
безнадзорные животные,theme,0.006501950585175553,0.0039011703511053317,0.002600780234070221,4.3415802518533334e-08,5
пушкинская карта,theme,0.006501950585175553,0.0039011703511053317,0.002600780234070221,4.3415802518533334e-08,5
портал госуслуг (региональный),theme,0.006501950585175553,0.0039011703511053317,0.002600780234070221,4.3415802518533334e-08,5
физическая культура и спорт,theme,0.006501950585175553,0.0039011703511053317,0.002600780234070221,4.3415802518533334e-08,5
реклама,theme,0.006501950585175553,0.0039011703511053317,0.002600780234070221,4.3415802518533334e-08,5
сотрудникам ооо жкс 2,territory,0.005201560468140442,0.005201560468140442,0.0,0.0,4
происходит в поликлинике 56,territory,0.005201560468140442,0.005201560468140442,0.0,0.0,4
детская площадка,object,0.005201560468140442,0.002600780234070221,0.002600780234070221,1.1895929890078133e-05,4
вы с осени 2021,territory,0.005201560468140442,0.005201560468140442,0.0,0.0,4
список на 2021,territory,0.005201560468140442,0.005201560468140442,0.0,0.0,4
appeal_000313,appeal,0.005201560468140442,0.0,0.005201560468140442,0.0,4
раз по телефону 004,territory,0.005201560468140442,0.005201560468140442,0.0,0.0,4
улица дом 3,territory,0.005201560468140442,0.005201560468140442,0.0,0.0,4
должен платить на 1,territory,0.005201560468140442,0.005201560468140442,0.0,0.0,4
appeal_000116,appeal,0.005201560468140442,0.0,0.005201560468140442,0.0,4
appeal_000055,appeal,0.005201560468140442,0.0,0.005201560468140442,0.0,4
appeal_000058,appeal,0.005201560468140442,0.0,0.005201560468140442,0.0,4
appeal_000398,appeal,0.005201560468140442,0.0,0.005201560468140442,0.0,4
appeal_000063,appeal,0.005201560468140442,0.0,0.005201560468140442,0.0,4
гололед вокруг дома 13,territory,0.005201560468140442,0.005201560468140442,0.0,0.0,4
ул тихоокеанская д18,territory,0.005201560468140442,0.005201560468140442,0.0,0.0,4
ленинский 74-76,territory,0.005201560468140442,0.005201560468140442,0.0,0.0,4
appeal_000119,appeal,0.005201560468140442,0.0,0.005201560468140442,0.0,4
appeal_000065,appeal,0.005201560468140442,0.0,0.005201560468140442,0.0,4
ул авангардная д23,territory,0.005201560468140442,0.005201560468140442,0.0,0.0,4
энергетиков дом 40/4,territory,0.005201560468140442,0.005201560468140442,0.0,0.0,4
это было 13,territory,0.005201560468140442,0.005201560468140442,0.0,0.0,4
appeal_000079,appeal,0.005201560468140442,0.0,0.005201560468140442,0.0,4
appeal_000401,appeal,0.005201560468140442,0.0,0.005201560468140442,0.0,4
appeal_000399,appeal,0.005201560468140442,0.0,0.005201560468140442,0.0,4
же заменят маршрутку 289,territory,0.005201560468140442,0.005201560468140442,0.0,0.0,4
парадная 5,territory,0.005201560468140442,0.005201560468140442,0.0,0.0,4
appeal_000057,appeal,0.005201560468140442,0.0,0.005201560468140442,0.0,4
выплаты как малоимущие 2,territory,0.005201560468140442,0.005201560468140442,0.0,0.0,4
appeal_000036,appeal,0.005201560468140442,0.0,0.005201560468140442,0.0,4
appeal_000034,appeal,0.005201560468140442,0.0,0.005201560468140442,0.0,4
appeal_000364,appeal,0.005201560468140442,0.0,0.005201560468140442,0.0,4
appeal_000279,appeal,0.005201560468140442,0.0,0.005201560468140442,0.0,4
appeal_000275,appeal,0.005201560468140442,0.0,0.005201560468140442,0.0,4
appeal_000072,appeal,0.005201560468140442,0.0,0.005201560468140442,0.0,4
между домами союзный 10,territory,0.005201560468140442,0.005201560468140442,0.0,0.0,4
петергофское шоссе 73,territory,0.005201560468140442,0.005201560468140442,0.0,0.0,4
дворового колодца до 2,territory,0.005201560468140442,0.005201560468140442,0.0,0.0,4
посещают коррекционную школу 34,territory,0.005201560468140442,0.005201560468140442,0.0,0.0,4
appeal_000226,appeal,0.005201560468140442,0.0,0.005201560468140442,0.0,4
дворе евдокима огнева 22,territory,0.005201560468140442,0.005201560468140442,0.0,0.0,4
летом 2021,territory,0.005201560468140442,0.005201560468140442,0.0,0.0,4
appeal_000217,appeal,0.005201560468140442,0.0,0.005201560468140442,0.0,4
appeal_000393,appeal,0.005201560468140442,0.0,0.005201560468140442,0.0,4
appeal_000384,appeal,0.005201560468140442,0.0,0.005201560468140442,0.0,4
appeal_000396,appeal,0.005201560468140442,0.0,0.005201560468140442,0.0,4
appeal_000229,appeal,0.005201560468140442,0.0,0.005201560468140442,0.0,4
ребенку 3,territory,0.005201560468140442,0.005201560468140442,0.0,0.0,4
appeal_000234,appeal,0.005201560468140442,0.0,0.005201560468140442,0.0,4
appeal_000418,appeal,0.005201560468140442,0.0,0.005201560468140442,0.0,4
ул гвардейская 8,territory,0.005201560468140442,0.005201560468140442,0.0,0.0,4
appeal_000052,appeal,0.005201560468140442,0.0,0.005201560468140442,0.0,4
appeal_000426,appeal,0.005201560468140442,0.0,0.005201560468140442,0.0,4
ул. токарева 14,territory,0.005201560468140442,0.005201560468140442,0.0,0.0,4
appeal_000168,appeal,0.005201560468140442,0.0,0.005201560468140442,0.0,4
дома проезд 5-й,territory,0.005201560468140442,0.005201560468140442,0.0,0.0,4
appeal_000312,appeal,0.005201560468140442,0.0,0.005201560468140442,0.0,4
appeal_000493,appeal,0.005201560468140442,0.0,0.005201560468140442,0.0,4
appeal_000495,appeal,0.005201560468140442,0.0,0.005201560468140442,0.0,4
улице маршала казакова 82/1,territory,0.005201560468140442,0.005201560468140442,0.0,0.0,4
рабочие скидывали с 5,territory,0.005201560468140442,0.005201560468140442,0.0,0.0,4
большая пороховская 56,territory,0.005201560468140442,0.005201560468140442,0.0,0.0,4
сделал прививки 3,territory,0.005201560468140442,0.005201560468140442,0.0,0.0,4
appeal_000022,appeal,0.005201560468140442,0.0,0.005201560468140442,0.0,4
спасть на протяжении 2,territory,0.005201560468140442,0.005201560468140442,0.0,0.0,4
напротив дома ильюшина 2,territory,0.005201560468140442,0.005201560468140442,0.0,0.0,4
она была после 10,territory,0.005201560468140442,0.005201560468140442,0.0,0.0,4
утром в 9,territory,0.005201560468140442,0.005201560468140442,0.0,0.0,4
appeal_000333,appeal,0.005201560468140442,0.0,0.005201560468140442,0.0,4
на газоне больше 1,territory,0.005201560468140442,0.005201560468140442,0.0,0.0,4
appeal_000335,appeal,0.005201560468140442,0.0,0.005201560468140442,0.0,4
appeal_000460,appeal,0.005201560468140442,0.0,0.005201560468140442,0.0,4
appeal_000435,appeal,0.005201560468140442,0.0,0.005201560468140442,0.0,4
appeal_000437,appeal,0.005201560468140442,0.0,0.005201560468140442,0.0,4
федеральной льготе онкобольная 4ст,territory,0.005201560468140442,0.005201560468140442,0.0,0.0,4
преклонный возраст 85,territory,0.005201560468140442,0.005201560468140442,0.0,0.0,4
го декабря 2021,territory,0.005201560468140442,0.005201560468140442,0.0,0.0,4
по гост 52289-2019,territory,0.005201560468140442,0.005201560468140442,0.0,0.0,4
срок до 23,territory,0.005201560468140442,0.005201560468140442,0.0,0.0,4
подъезд 4,territory,0.005201560468140442,0.005201560468140442,0.0,0.0,4
appeal_000326,appeal,0.005201560468140442,0.0,0.005201560468140442,0.0,4
appeal_000325,appeal,0.005201560468140442,0.0,0.005201560468140442,0.0,4
appeal_000126,appeal,0.005201560468140442,0.0,0.005201560468140442,0.0,4
appeal_000030,appeal,0.005201560468140442,0.0,0.005201560468140442,0.0,4
переполнена почти в 2,territory,0.005201560468140442,0.005201560468140442,0.0,0.0,4
дублирование его автобусами 1,territory,0.005201560468140442,0.005201560468140442,0.0,0.0,4
appeal_000028,appeal,0.005201560468140442,0.0,0.005201560468140442,0.0,4
appeal_000274,appeal,0.005201560468140442,0.0,0.005201560468140442,0.0,4
appeal_000338,appeal,0.005201560468140442,0.0,0.005201560468140442,0.0,4
проспект героев дом 24 корпус 2,territory,0.005201560468140442,0.005201560468140442,0.0,0.0,4
уже 40,territory,0.005201560468140442,0.005201560468140442,0.0,0.0,4
дольщица 2,territory,0.005201560468140442,0.005201560468140442,0.0,0.0,4
младшей 3,territory,0.005201560468140442,0.005201560468140442,0.0,0.0,4
appeal_000160,appeal,0.005201560468140442,0.0,0.005201560468140442,0.0,4
отношении ооо жкс 2,territory,0.005201560468140442,0.005201560468140442,0.0,0.0,4
appeal_000324,appeal,0.005201560468140442,0.0,0.005201560468140442,0.0,4
appeal_000346,appeal,0.005201560468140442,0.0,0.005201560468140442,0.0,4
том что 90,territory,0.005201560468140442,0.005201560468140442,0.0,0.0,4
appeal_000349,appeal,0.005201560468140442,0.0,0.005201560468140442,0.0,4
appeal_000348,appeal,0.005201560468140442,0.0,0.005201560468140442,0.0,4
appeal_000255,appeal,0.005201560468140442,0.0,0.005201560468140442,0.0,4
appeal_000195,appeal,0.0039011703511053317,0.0,0.0039011703511053317,0.0,3
appeal_000198,appeal,0.0039011703511053317,0.0,0.0039011703511053317,0.0,3
appeal_000131,appeal,0.0039011703511053317,0.0,0.0039011703511053317,0.0,3
appeal_000294,appeal,0.0039011703511053317,0.0,0.0039011703511053317,0.0,3
appeal_000134,appeal,0.0039011703511053317,0.0,0.0039011703511053317,0.0,3
appeal_000080,appeal,0.0039011703511053317,0.0,0.0039011703511053317,0.0,3
appeal_000150,appeal,0.0039011703511053317,0.0,0.0039011703511053317,0.0,3
appeal_000130,appeal,0.0039011703511053317,0.0,0.0039011703511053317,0.0,3
appeal_000489,appeal,0.0039011703511053317,0.0,0.0039011703511053317,0.0,3
appeal_000147,appeal,0.0039011703511053317,0.0,0.0039011703511053317,0.0,3
appeal_000041,appeal,0.0039011703511053317,0.0,0.0039011703511053317,0.0,3
appeal_000121,appeal,0.0039011703511053317,0.0,0.0039011703511053317,0.0,3
appeal_000136,appeal,0.0039011703511053317,0.0,0.0039011703511053317,0.0,3
appeal_000193,appeal,0.0039011703511053317,0.0,0.0039011703511053317,0.0,3
appeal_000192,appeal,0.0039011703511053317,0.0,0.0039011703511053317,0.0,3
appeal_000189,appeal,0.0039011703511053317,0.0,0.0039011703511053317,0.0,3
appeal_000201,appeal,0.0039011703511053317,0.0,0.0039011703511053317,0.0,3
appeal_000129,appeal,0.0039011703511053317,0.0,0.0039011703511053317,0.0,3
appeal_000221,appeal,0.0039011703511053317,0.0,0.0039011703511053317,0.0,3
appeal_000220,appeal,0.0039011703511053317,0.0,0.0039011703511053317,0.0,3
appeal_000059,appeal,0.0039011703511053317,0.0,0.0039011703511053317,0.0,3
appeal_000113,appeal,0.0039011703511053317,0.0,0.0039011703511053317,0.0,3
appeal_000214,appeal,0.0039011703511053317,0.0,0.0039011703511053317,0.0,3
appeal_000210,appeal,0.0039011703511053317,0.0,0.0039011703511053317,0.0,3
appeal_000420,appeal,0.0039011703511053317,0.0,0.0039011703511053317,0.0,3
appeal_000419,appeal,0.0039011703511053317,0.0,0.0039011703511053317,0.0,3
appeal_000122,appeal,0.0039011703511053317,0.0,0.0039011703511053317,0.0,3
appeal_000363,appeal,0.0039011703511053317,0.0,0.0039011703511053317,0.0,3
appeal_000425,appeal,0.0039011703511053317,0.0,0.0039011703511053317,0.0,3
appeal_000124,appeal,0.0039011703511053317,0.0,0.0039011703511053317,0.0,3
appeal_000366,appeal,0.0039011703511053317,0.0,0.0039011703511053317,0.0,3
appeal_000125,appeal,0.0039011703511053317,0.0,0.0039011703511053317,0.0,3
appeal_000069,appeal,0.0039011703511053317,0.0,0.0039011703511053317,0.0,3
appeal_000356,appeal,0.0039011703511053317,0.0,0.0039011703511053317,0.0,3
appeal_000406,appeal,0.0039011703511053317,0.0,0.0039011703511053317,0.0,3
appeal_000236,appeal,0.0039011703511053317,0.0,0.0039011703511053317,0.0,3
appeal_000239,appeal,0.0039011703511053317,0.0,0.0039011703511053317,0.0,3
appeal_000232,appeal,0.0039011703511053317,0.0,0.0039011703511053317,0.0,3
appeal_000409,appeal,0.0039011703511053317,0.0,0.0039011703511053317,0.0,3
appeal_000383,appeal,0.0039011703511053317,0.0,0.0039011703511053317,0.0,3
appeal_000407,appeal,0.0039011703511053317,0.0,0.0039011703511053317,0.0,3
appeal_000408,appeal,0.0039011703511053317,0.0,0.0039011703511053317,0.0,3
appeal_000252,appeal,0.0039011703511053317,0.0,0.0039011703511053317,0.0,3
appeal_000404,appeal,0.0039011703511053317,0.0,0.0039011703511053317,0.0,3
appeal_000235,appeal,0.0039011703511053317,0.0,0.0039011703511053317,0.0,3
appeal_000244,appeal,0.0039011703511053317,0.0,0.0039011703511053317,0.0,3
appeal_000368,appeal,0.0039011703511053317,0.0,0.0039011703511053317,0.0,3
appeal_000361,appeal,0.0039011703511053317,0.0,0.0039011703511053317,0.0,3
appeal_000373,appeal,0.0039011703511053317,0.0,0.0039011703511053317,0.0,3
appeal_000029,appeal,0.0039011703511053317,0.0,0.0039011703511053317,0.0,3
appeal_000280,appeal,0.0039011703511053317,0.0,0.0039011703511053317,0.0,3
appeal_000073,appeal,0.0039011703511053317,0.0,0.0039011703511053317,0.0,3
appeal_000339,appeal,0.0039011703511053317,0.0,0.0039011703511053317,0.0,3
appeal_000340,appeal,0.0039011703511053317,0.0,0.0039011703511053317,0.0,3
appeal_000243,appeal,0.0039011703511053317,0.0,0.0039011703511053317,0.0,3
appeal_000257,appeal,0.0039011703511053317,0.0,0.0039011703511053317,0.0,3
appeal_000085,appeal,0.0039011703511053317,0.0,0.0039011703511053317,0.0,3
appeal_000178,appeal,0.0039011703511053317,0.0,0.0039011703511053317,0.0,3
appeal_000328,appeal,0.0039011703511053317,0.0,0.0039011703511053317,0.0,3
appeal_000350,appeal,0.0039011703511053317,0.0,0.0039011703511053317,0.0,3
appeal_000452,appeal,0.0039011703511053317,0.0,0.0039011703511053317,0.0,3
appeal_000103,appeal,0.0039011703511053317,0.0,0.0039011703511053317,0.0,3
appeal_000105,appeal,0.0039011703511053317,0.0,0.0039011703511053317,0.0,3
appeal_000104,appeal,0.0039011703511053317,0.0,0.0039011703511053317,0.0,3
appeal_000266,appeal,0.0039011703511053317,0.0,0.0039011703511053317,0.0,3
appeal_000267,appeal,0.0039011703511053317,0.0,0.0039011703511053317,0.0,3
appeal_000321,appeal,0.0039011703511053317,0.0,0.0039011703511053317,0.0,3
appeal_000315,appeal,0.0039011703511053317,0.0,0.0039011703511053317,0.0,3
appeal_000021,appeal,0.0039011703511053317,0.0,0.0039011703511053317,0.0,3
appeal_000095,appeal,0.0039011703511053317,0.0,0.0039011703511053317,0.0,3
appeal_000099,appeal,0.0039011703511053317,0.0,0.0039011703511053317,0.0,3
appeal_000019,appeal,0.0039011703511053317,0.0,0.0039011703511053317,0.0,3
appeal_000449,appeal,0.0039011703511053317,0.0,0.0039011703511053317,0.0,3
appeal_000296,appeal,0.0039011703511053317,0.0,0.0039011703511053317,0.0,3
appeal_000471,appeal,0.0039011703511053317,0.0,0.0039011703511053317,0.0,3
appeal_000016,appeal,0.0039011703511053317,0.0,0.0039011703511053317,0.0,3
appeal_000304,appeal,0.0039011703511053317,0.0,0.0039011703511053317,0.0,3
appeal_000300,appeal,0.0039011703511053317,0.0,0.0039011703511053317,0.0,3
appeal_000010,appeal,0.0039011703511053317,0.0,0.0039011703511053317,0.0,3
appeal_000472,appeal,0.0039011703511053317,0.0,0.0039011703511053317,0.0,3
appeal_000494,appeal,0.0039011703511053317,0.0,0.0039011703511053317,0.0,3
appeal_000491,appeal,0.0039011703511053317,0.0,0.0039011703511053317,0.0,3
appeal_000499,appeal,0.002600780234070221,0.0,0.002600780234070221,0.0,2
переулок декабристов д 8,territory,0.002600780234070221,0.002600780234070221,0.0,0.0,2
обещали сначала до 11,territory,0.002600780234070221,0.002600780234070221,0.0,0.0,2
appeal_000476,appeal,0.002600780234070221,0.0,0.002600780234070221,0.0,2
appeal_000475,appeal,0.002600780234070221,0.0,0.002600780234070221,0.0,2
appeal_000474,appeal,0.002600780234070221,0.0,0.002600780234070221,0.0,2
просвещения 15,territory,0.002600780234070221,0.002600780234070221,0.0,0.0,2
пешеходной дорожки 3,territory,0.002600780234070221,0.002600780234070221,0.0,0.0,2
appeal_000138,appeal,0.002600780234070221,0.0,0.002600780234070221,0.0,2
appeal_000137,appeal,0.002600780234070221,0.0,0.002600780234070221,0.0,2
что в школе 475,territory,0.002600780234070221,0.002600780234070221,0.0,0.0,2
appeal_000135,appeal,0.002600780234070221,0.0,0.002600780234070221,0.0,2
за фомина 14,territory,0.002600780234070221,0.002600780234070221,0.0,0.0,2
appeal_000148,appeal,0.002600780234070221,0.0,0.002600780234070221,0.0,2
appeal_000149,appeal,0.002600780234070221,0.0,0.002600780234070221,0.0,2
планируются выполняться с 12,territory,0.002600780234070221,0.002600780234070221,0.0,0.0,2
appeal_000151,appeal,0.002600780234070221,0.0,0.002600780234070221,0.0,2
appeal_000467,appeal,0.002600780234070221,0.0,0.002600780234070221,0.0,2
appeal_000468,appeal,0.002600780234070221,0.0,0.002600780234070221,0.0,2
appeal_000469,appeal,0.002600780234070221,0.0,0.002600780234070221,0.0,2
appeal_000470,appeal,0.002600780234070221,0.0,0.002600780234070221,0.0,2
appeal_000018,appeal,0.002600780234070221,0.0,0.002600780234070221,0.0,2
новаторов дома 26/2,territory,0.002600780234070221,0.002600780234070221,0.0,0.0,2
appeal_000020,appeal,0.002600780234070221,0.0,0.002600780234070221,0.0,2
прошу 1,territory,0.002600780234070221,0.002600780234070221,0.0,0.0,2
appeal_000023,appeal,0.002600780234070221,0.0,0.002600780234070221,0.0,2
appeal_000025,appeal,0.002600780234070221,0.0,0.002600780234070221,0.0,2
appeal_000466,appeal,0.002600780234070221,0.0,0.002600780234070221,0.0,2
appeal_000443,appeal,0.002600780234070221,0.0,0.002600780234070221,0.0,2
appeal_000088,appeal,0.002600780234070221,0.0,0.002600780234070221,0.0,2
appeal_000089,appeal,0.002600780234070221,0.0,0.002600780234070221,0.0,2
appeal_000092,appeal,0.002600780234070221,0.0,0.002600780234070221,0.0,2
appeal_000093,appeal,0.002600780234070221,0.0,0.002600780234070221,0.0,2
appeal_000098,appeal,0.002600780234070221,0.0,0.002600780234070221,0.0,2
appeal_000101,appeal,0.002600780234070221,0.0,0.002600780234070221,0.0,2
appeal_000102,appeal,0.002600780234070221,0.0,0.002600780234070221,0.0,2
софийская 42,territory,0.002600780234070221,0.002600780234070221,0.0,0.0,2
appeal_000086,appeal,0.002600780234070221,0.0,0.002600780234070221,0.0,2
appeal_000087,appeal,0.002600780234070221,0.0,0.002600780234070221,0.0,2
ул. павловская д17,territory,0.002600780234070221,0.002600780234070221,0.0,0.0,2
appeal_000320,appeal,0.002600780234070221,0.0,0.002600780234070221,0.0,2
дальневосточный проспект дом 80,territory,0.002600780234070221,0.002600780234070221,0.0,0.0,2
appeal_000323,appeal,0.002600780234070221,0.0,0.002600780234070221,0.0,2
поликлинике 95,territory,0.002600780234070221,0.002600780234070221,0.0,0.0,2
appeal_000305,appeal,0.002600780234070221,0.0,0.002600780234070221,0.0,2
appeal_000327,appeal,0.002600780234070221,0.0,0.002600780234070221,0.0,2
дома 12,territory,0.002600780234070221,0.002600780234070221,0.0,0.0,2
большевиков 33,territory,0.002600780234070221,0.002600780234070221,0.0,0.0,2
appeal_000106,appeal,0.002600780234070221,0.0,0.002600780234070221,0.0,2
appeal_000107,appeal,0.002600780234070221,0.0,0.002600780234070221,0.0,2
appeal_000108,appeal,0.002600780234070221,0.0,0.002600780234070221,0.0,2
appeal_000110,appeal,0.002600780234070221,0.0,0.002600780234070221,0.0,2
appeal_000282,appeal,0.002600780234070221,0.0,0.002600780234070221,0.0,2
appeal_000265,appeal,0.002600780234070221,0.0,0.002600780234070221,0.0,2
школа 8го,territory,0.002600780234070221,0.002600780234070221,0.0,0.0,2
ребенка имеет инвалидность 3,territory,0.002600780234070221,0.002600780234070221,0.0,0.0,2
appeal_000329,appeal,0.002600780234070221,0.0,0.002600780234070221,0.0,2
appeal_000083,appeal,0.002600780234070221,0.0,0.002600780234070221,0.0,2
appeal_000084,appeal,0.002600780234070221,0.0,0.002600780234070221,0.0,2
appeal_000289,appeal,0.002600780234070221,0.0,0.002600780234070221,0.0,2
appeal_000290,appeal,0.002600780234070221,0.0,0.002600780234070221,0.0,2
appeal_000268,appeal,0.002600780234070221,0.0,0.002600780234070221,0.0,2
appeal_000269,appeal,0.002600780234070221,0.0,0.002600780234070221,0.0,2
appeal_000270,appeal,0.002600780234070221,0.0,0.002600780234070221,0.0,2
appeal_000271,appeal,0.002600780234070221,0.0,0.002600780234070221,0.0,2
appeal_000272,appeal,0.002600780234070221,0.0,0.002600780234070221,0.0,2
болела и вызывала 24,territory,0.002600780234070221,0.002600780234070221,0.0,0.0,2
науки 15,territory,0.002600780234070221,0.002600780234070221,0.0,0.0,2
убирают 1,territory,0.002600780234070221,0.002600780234070221,0.0,0.0,2
appeal_000253,appeal,0.002600780234070221,0.0,0.002600780234070221,0.0,2
appeal_000256,appeal,0.002600780234070221,0.0,0.002600780234070221,0.0,2
ооо жкс 2,territory,0.002600780234070221,0.002600780234070221,0.0,0.0,2
appeal_000342,appeal,0.002600780234070221,0.0,0.002600780234070221,0.0,2
appeal_000344,appeal,0.002600780234070221,0.0,0.002600780234070221,0.0,2
автобус нарушая пдд 12,territory,0.002600780234070221,0.002600780234070221,0.0,0.0,2
appeal_000351,appeal,0.002600780234070221,0.0,0.002600780234070221,0.0,2
appeal_000352,appeal,0.002600780234070221,0.0,0.002600780234070221,0.0,2
appeal_000259,appeal,0.002600780234070221,0.0,0.002600780234070221,0.0,2
appeal_000260,appeal,0.002600780234070221,0.0,0.002600780234070221,0.0,2
appeal_000261,appeal,0.002600780234070221,0.0,0.002600780234070221,0.0,2
appeal_000262,appeal,0.002600780234070221,0.0,0.002600780234070221,0.0,2
appeal_000263,appeal,0.002600780234070221,0.0,0.002600780234070221,0.0,2
appeal_000264,appeal,0.002600780234070221,0.0,0.002600780234070221,0.0,2
appeal_000240,appeal,0.002600780234070221,0.0,0.002600780234070221,0.0,2
appeal_000241,appeal,0.002600780234070221,0.0,0.002600780234070221,0.0,2
appeal_000242,appeal,0.002600780234070221,0.0,0.002600780234070221,0.0,2
appeal_000066,appeal,0.002600780234070221,0.0,0.002600780234070221,0.0,2
на загородном проспекте 16,territory,0.002600780234070221,0.002600780234070221,0.0,0.0,2
appeal_000070,appeal,0.002600780234070221,0.0,0.002600780234070221,0.0,2
ориентир трефолева 4к1,territory,0.002600780234070221,0.002600780234070221,0.0,0.0,2
appeal_000074,appeal,0.002600780234070221,0.0,0.002600780234070221,0.0,2
арки по ростовской 14-16,territory,0.002600780234070221,0.002600780234070221,0.0,0.0,2
садик 3года,territory,0.002600780234070221,0.002600780234070221,0.0,0.0,2
appeal_000378,appeal,0.002600780234070221,0.0,0.002600780234070221,0.0,2
appeal_000379,appeal,0.002600780234070221,0.0,0.002600780234070221,0.0,2
appeal_000380,appeal,0.002600780234070221,0.0,0.002600780234070221,0.0,2
appeal_000075,appeal,0.002600780234070221,0.0,0.002600780234070221,0.0,2
звездная 14,territory,0.002600780234070221,0.002600780234070221,0.0,0.0,2
appeal_000357,appeal,0.002600780234070221,0.0,0.002600780234070221,0.0,2
appeal_000360,appeal,0.002600780234070221,0.0,0.002600780234070221,0.0,2
по 18,territory,0.002600780234070221,0.002600780234070221,0.0,0.0,2
на чердак во 2,territory,0.002600780234070221,0.002600780234070221,0.0,0.0,2
проверялась в течение 40,territory,0.002600780234070221,0.002600780234070221,0.0,0.0,2
appeal_000367,appeal,0.002600780234070221,0.0,0.002600780234070221,0.0,2
appeal_000353,appeal,0.002600780234070221,0.0,0.002600780234070221,0.0,2
appeal_000354,appeal,0.002600780234070221,0.0,0.002600780234070221,0.0,2
appeal_000355,appeal,0.002600780234070221,0.0,0.002600780234070221,0.0,2
городе только 100,territory,0.002600780234070221,0.002600780234070221,0.0,0.0,2
appeal_000258,appeal,0.002600780234070221,0.0,0.002600780234070221,0.0,2
appeal_000387,appeal,0.002600780234070221,0.0,0.002600780234070221,0.0,2
appeal_000389,appeal,0.002600780234070221,0.0,0.002600780234070221,0.0,2
appeal_000390,appeal,0.002600780234070221,0.0,0.002600780234070221,0.0,2
appeal_000391,appeal,0.002600780234070221,0.0,0.002600780234070221,0.0,2
appeal_000395,appeal,0.002600780234070221,0.0,0.002600780234070221,0.0,2
appeal_000397,appeal,0.002600780234070221,0.0,0.002600780234070221,0.0,2
письмо александру коновалову 16,territory,0.002600780234070221,0.002600780234070221,0.0,0.0,2
appeal_000369,appeal,0.002600780234070221,0.0,0.002600780234070221,0.0,2
appeal_000370,appeal,0.002600780234070221,0.0,0.002600780234070221,0.0,2
appeal_000371,appeal,0.002600780234070221,0.0,0.002600780234070221,0.0,2
appeal_000372,appeal,0.002600780234070221,0.0,0.002600780234070221,0.0,2
долго более 10,territory,0.002600780234070221,0.002600780234070221,0.0,0.0,2
appeal_000374,appeal,0.002600780234070221,0.0,0.002600780234070221,0.0,2
appeal_000375,appeal,0.002600780234070221,0.0,0.002600780234070221,0.0,2
appeal_000376,appeal,0.002600780234070221,0.0,0.002600780234070221,0.0,2
appeal_000377,appeal,0.002600780234070221,0.0,0.002600780234070221,0.0,2
регистрации очередь на 3,territory,0.002600780234070221,0.002600780234070221,0.0,0.0,2
appeal_000216,appeal,0.002600780234070221,0.0,0.002600780234070221,0.0,2
дома 25-этажные,territory,0.002600780234070221,0.002600780234070221,0.0,0.0,2
ул. вологдина в 2023,territory,0.002600780234070221,0.002600780234070221,0.0,0.0,2
appeal_000245,appeal,0.002600780234070221,0.0,0.002600780234070221,0.0,2
appeal_000246,appeal,0.002600780234070221,0.0,0.002600780234070221,0.0,2
appeal_000247,appeal,0.002600780234070221,0.0,0.002600780234070221,0.0,2
appeal_000249,appeal,0.002600780234070221,0.0,0.002600780234070221,0.0,2
appeal_000250,appeal,0.002600780234070221,0.0,0.002600780234070221,0.0,2
appeal_000251,appeal,0.002600780234070221,0.0,0.002600780234070221,0.0,2
appeal_000228,appeal,0.002600780234070221,0.0,0.002600780234070221,0.0,2
appeal_000230,appeal,0.002600780234070221,0.0,0.002600780234070221,0.0,2
appeal_000231,appeal,0.002600780234070221,0.0,0.002600780234070221,0.0,2
кубика улице ткачей 46,territory,0.002600780234070221,0.002600780234070221,0.0,0.0,2
appeal_000385,appeal,0.002600780234070221,0.0,0.002600780234070221,0.0,2
appeal_000386,appeal,0.002600780234070221,0.0,0.002600780234070221,0.0,2
appeal_000225,appeal,0.002600780234070221,0.0,0.002600780234070221,0.0,2
лыжный 8,territory,0.002600780234070221,0.002600780234070221,0.0,0.0,2
appeal_000202,appeal,0.002600780234070221,0.0,0.002600780234070221,0.0,2
appeal_000203,appeal,0.002600780234070221,0.0,0.002600780234070221,0.0,2
уже на 2035-2050,territory,0.002600780234070221,0.002600780234070221,0.0,0.0,2
уже ждем 50,territory,0.002600780234070221,0.002600780234070221,0.0,0.0,2
до 1,territory,0.002600780234070221,0.002600780234070221,0.0,0.0,2
срок до 21,territory,0.002600780234070221,0.002600780234070221,0.0,0.0,2
против администрации германа 9к2,territory,0.002600780234070221,0.002600780234070221,0.0,0.0,2
appeal_000381,appeal,0.002600780234070221,0.0,0.002600780234070221,0.0,2
appeal_000382,appeal,0.002600780234070221,0.0,0.002600780234070221,0.0,2
есть квартира и 2,territory,0.002600780234070221,0.002600780234070221,0.0,0.0,2
дорог уже лет 6,territory,0.002600780234070221,0.002600780234070221,0.0,0.0,2
нас во 2,territory,0.002600780234070221,0.002600780234070221,0.0,0.0,2
appeal_000237,appeal,0.002600780234070221,0.0,0.002600780234070221,0.0,2
appeal_000238,appeal,0.002600780234070221,0.0,0.002600780234070221,0.0,2
долгах свыше 500,territory,0.002600780234070221,0.002600780234070221,0.0,0.0,2
этого требует сп 98,territory,0.002600780234070221,0.002600780234070221,0.0,0.0,2
appeal_000199,appeal,0.002600780234070221,0.0,0.002600780234070221,0.0,2
appeal_000111,appeal,0.002600780234070221,0.0,0.002600780234070221,0.0,2
appeal_000054,appeal,0.002600780234070221,0.0,0.002600780234070221,0.0,2
appeal_000056,appeal,0.002600780234070221,0.0,0.002600780234070221,0.0,2
проезд между домами 9,territory,0.002600780234070221,0.002600780234070221,0.0,0.0,2
appeal_000061,appeal,0.002600780234070221,0.0,0.002600780234070221,0.0,2
appeal_000062,appeal,0.002600780234070221,0.0,0.002600780234070221,0.0,2
appeal_000400,appeal,0.002600780234070221,0.0,0.002600780234070221,0.0,2
appeal_000218,appeal,0.002600780234070221,0.0,0.002600780234070221,0.0,2
пс взял 30,territory,0.002600780234070221,0.002600780234070221,0.0,0.0,2
заявка по телефону 6040000,territory,0.002600780234070221,0.002600780234070221,0.0,0.0,2
appeal_000222,appeal,0.002600780234070221,0.0,0.002600780234070221,0.0,2
appeal_000223,appeal,0.002600780234070221,0.0,0.002600780234070221,0.0,2
appeal_000224,appeal,0.002600780234070221,0.0,0.002600780234070221,0.0,2
стачек 75,territory,0.002600780234070221,0.002600780234070221,0.0,0.0,2
appeal_000115,appeal,0.002600780234070221,0.0,0.002600780234070221,0.0,2
appeal_000118,appeal,0.002600780234070221,0.0,0.002600780234070221,0.0,2
appeal_000120,appeal,0.002600780234070221,0.0,0.002600780234070221,0.0,2
регионального маткапитала на 3,territory,0.002600780234070221,0.002600780234070221,0.0,0.0,2
катерников 7,territory,0.002600780234070221,0.002600780234070221,0.0,0.0,2
ворошилова 25/1,territory,0.002600780234070221,0.002600780234070221,0.0,0.0,2
бабушкина 52,territory,0.002600780234070221,0.002600780234070221,0.0,0.0,2
appeal_000410,appeal,0.002600780234070221,0.0,0.002600780234070221,0.0,2
appeal_000411,appeal,0.002600780234070221,0.0,0.002600780234070221,0.0,2
appeal_000412,appeal,0.002600780234070221,0.0,0.002600780234070221,0.0,2
appeal_000204,appeal,0.002600780234070221,0.0,0.002600780234070221,0.0,2
appeal_000205,appeal,0.002600780234070221,0.0,0.002600780234070221,0.0,2
appeal_000206,appeal,0.002600780234070221,0.0,0.002600780234070221,0.0,2
по обращению в 95,territory,0.002600780234070221,0.002600780234070221,0.0,0.0,2
appeal_000213,appeal,0.002600780234070221,0.0,0.002600780234070221,0.0,2
appeal_000166,appeal,0.002600780234070221,0.0,0.002600780234070221,0.0,2
appeal_000169,appeal,0.002600780234070221,0.0,0.002600780234070221,0.0,2
appeal_000170,appeal,0.002600780234070221,0.0,0.002600780234070221,0.0,2
пионер лен обл 73000,territory,0.002600780234070221,0.002600780234070221,0.0,0.0,2
наши дети достигшие 18,territory,0.002600780234070221,0.002600780234070221,0.0,0.0,2
appeal_000194,appeal,0.002600780234070221,0.0,0.002600780234070221,0.0,2
невестка вчера 22,territory,0.002600780234070221,0.002600780234070221,0.0,0.0,2
appeal_000197,appeal,0.002600780234070221,0.0,0.002600780234070221,0.0,2
appeal_000180,appeal,0.002600780234070221,0.0,0.002600780234070221,0.0,2
appeal_000181,appeal,0.002600780234070221,0.0,0.002600780234070221,0.0,2
на детей от 3,territory,0.002600780234070221,0.002600780234070221,0.0,0.0,2
appeal_000428,appeal,0.002600780234070221,0.0,0.002600780234070221,0.0,2
appeal_000039,appeal,0.002600780234070221,0.0,0.002600780234070221,0.0,2
appeal_000040,appeal,0.002600780234070221,0.0,0.002600780234070221,0.0,2
рыбацкий проспект 15,territory,0.002600780234070221,0.002600780234070221,0.0,0.0,2
appeal_000043,appeal,0.002600780234070221,0.0,0.002600780234070221,0.0,2
appeal_000172,appeal,0.002600780234070221,0.0,0.002600780234070221,0.0,2
appeal_000177,appeal,0.002600780234070221,0.0,0.002600780234070221,0.0,2
сиреневый бульвар 1,territory,0.002600780234070221,0.002600780234070221,0.0,0.0,2
appeal_000179,appeal,0.002600780234070221,0.0,0.002600780234070221,0.0,2
appeal_000153,appeal,0.002600780234070221,0.0,0.002600780234070221,0.0,2
appeal_000155,appeal,0.002600780234070221,0.0,0.002600780234070221,0.0,2
appeal_000156,appeal,0.002600780234070221,0.0,0.002600780234070221,0.0,2
убран у школы 34,territory,0.002600780234070221,0.002600780234070221,0.0,0.0,2
appeal_000031,appeal,0.002600780234070221,0.0,0.002600780234070221,0.0,2
appeal_000032,appeal,0.002600780234070221,0.0,0.002600780234070221,0.0,2
appeal_000423,appeal,0.002600780234070221,0.0,0.002600780234070221,0.0,2
проблему с 50,territory,0.002600780234070221,0.002600780234070221,0.0,0.0,2
ленинский проспект 77,territory,0.002600780234070221,0.002600780234070221,0.0,0.0,2
беспридела в жкс 2,territory,0.002600780234070221,0.002600780234070221,0.0,0.0,2
поликлиника 48,territory,0.002600780234070221,0.002600780234070221,0.0,0.0,2
appeal_000186,appeal,0.002600780234070221,0.0,0.002600780234070221,0.0,2
народная 16,territory,0.002600780234070221,0.002600780234070221,0.0,0.0,2
appeal_000158,appeal,0.002600780234070221,0.0,0.002600780234070221,0.0,2
appeal_000159,appeal,0.002600780234070221,0.0,0.002600780234070221,0.0,2
appeal_000163,appeal,0.002600780234070221,0.0,0.002600780234070221,0.0,2
appeal_000164,appeal,0.002600780234070221,0.0,0.002600780234070221,0.0,2
appeal_000140,appeal,0.002600780234070221,0.0,0.002600780234070221,0.0,2
appeal_000141,appeal,0.002600780234070221,0.0,0.002600780234070221,0.0,2
appeal_000142,appeal,0.002600780234070221,0.0,0.002600780234070221,0.0,2
appeal_000143,appeal,0.002600780234070221,0.0,0.002600780234070221,0.0,2
appeal_000451,appeal,0.002600780234070221,0.0,0.002600780234070221,0.0,2
гражданский 105,territory,0.002600780234070221,0.002600780234070221,0.0,0.0,2
appeal_000457,appeal,0.002600780234070221,0.0,0.002600780234070221,0.0,2
appeal_000458,appeal,0.002600780234070221,0.0,0.002600780234070221,0.0,2
appeal_000459,appeal,0.002600780234070221,0.0,0.002600780234070221,0.0,2
appeal_000461,appeal,0.002600780234070221,0.0,0.002600780234070221,0.0,2
appeal_000171,appeal,0.002600780234070221,0.0,0.002600780234070221,0.0,2
очень много вызовов 56пликлиника,territory,0.002600780234070221,0.002600780234070221,0.0,0.0,2
appeal_000000,appeal,0.002600780234070221,0.0,0.002600780234070221,0.0,2
appeal_000002,appeal,0.002600780234070221,0.0,0.002600780234070221,0.0,2
глубиной до 40,territory,0.002600780234070221,0.002600780234070221,0.0,0.0,2
appeal_000479,appeal,0.002600780234070221,0.0,0.002600780234070221,0.0,2
appeal_000480,appeal,0.002600780234070221,0.0,0.002600780234070221,0.0,2
appeal_000483,appeal,0.002600780234070221,0.0,0.002600780234070221,0.0,2
appeal_000484,appeal,0.002600780234070221,0.0,0.002600780234070221,0.0,2
appeal_000487,appeal,0.002600780234070221,0.0,0.002600780234070221,0.0,2
appeal_000488,appeal,0.002600780234070221,0.0,0.002600780234070221,0.0,2
appeal_000498,appeal,0.002600780234070221,0.0,0.002600780234070221,0.0,2
здравствуйте 21,territory,0.002600780234070221,0.002600780234070221,0.0,0.0,2
appeal_000463,appeal,0.002600780234070221,0.0,0.002600780234070221,0.0,2
appeal_000464,appeal,0.002600780234070221,0.0,0.002600780234070221,0.0,2
обещание от жкс 3,territory,0.002600780234070221,0.002600780234070221,0.0,0.0,2
диабетом выписывают по 3,territory,0.002600780234070221,0.002600780234070221,0.0,0.0,2
appeal_000306,appeal,0.002600780234070221,0.0,0.002600780234070221,0.0,2
appeal_000307,appeal,0.002600780234070221,0.0,0.002600780234070221,0.0,2
подгорышев андрей викторович 05,territory,0.002600780234070221,0.002600780234070221,0.0,0.0,2
appeal_000298,appeal,0.002600780234070221,0.0,0.002600780234070221,0.0,2
штраф от 100,territory,0.002600780234070221,0.002600780234070221,0.0,0.0,2
appeal_000301,appeal,0.002600780234070221,0.0,0.002600780234070221,0.0,2
appeal_000286,appeal,0.002600780234070221,0.0,0.002600780234070221,0.0,2
appeal_000287,appeal,0.002600780234070221,0.0,0.002600780234070221,0.0,2
appeal_000288,appeal,0.002600780234070221,0.0,0.002600780234070221,0.0,2
appeal_000309,appeal,0.002600780234070221,0.0,0.002600780234070221,0.0,2
appeal_000311,appeal,0.002600780234070221,0.0,0.002600780234070221,0.0,2
appeal_000077,appeal,0.002600780234070221,0.0,0.002600780234070221,0.0,2
заявка принята 2февраля,territory,0.002600780234070221,0.002600780234070221,0.0,0.0,2
appeal_000293,appeal,0.002600780234070221,0.0,0.002600780234070221,0.0,2
этот месяц жкс 2,territory,0.002600780234070221,0.002600780234070221,0.0,0.0,2
appeal_000295,appeal,0.002600780234070221,0.0,0.002600780234070221,0.0,2
