candidate_id,Проблема,Тип_проблемы,Complexity_score,Частота_упоминаний,Количество_субъектов,Количество_действий,Количество_связей,Плотность_подграфа,Территории,Проблемные_признаки,Ключевые_сущности,Действия,Подтверждающие_обращения
kp_0001,снег и наледь: нарушение содержания территории,благоустройство,0.396,85,3,9,153,0.11443,очистке крыши дома 52; сосновское на есенина 7к1; ул летчика лихолетова 14/2; дом по стачек 212 корпус 2; писала обращение 174963796; улица джона рида дом 7; заявки на 004; проезд между домами 55,нарушение содержания территории,снег и наледь; жители; управляющая компания; подрядчик; нарушение содержания территории; очистке крыши дома 52; сосновское на есенина 7к1; ул летчика лихолетова 14/2; дом по стачек 212 корпус 2; писала обращение 174963796; улица джона рида дом 7; заявки на 004,не убирает; сообщает о проблеме; задержано; затоплено; отсутствует; повреждено; опасно; загрязнено; не устраняет,85
kp_0002,здание/дом: нарушение содержания территории,жилищно-коммунальное,0.374,52,3,10,118,0.209622,очистке крыши дома 52; сосновское на есенина 7к1; дом по стачек 212 корпус 2; ул летчика лихолетова 14/2; мусорной реформы от 01; ярослава гашека лом 12/100; писала обращение 174963796; улица джона рида дом 7,нарушение содержания территории,здание/дом; жители; управляющая компания; подрядчик; нарушение содержания территории; очистке крыши дома 52; сосновское на есенина 7к1; дом по стачек 212 корпус 2; ул летчика лихолетова 14/2; мусорной реформы от 01; ярослава гашека лом 12/100; писала обращение 174963796,не убирает; загрязнено; задержано; затоплено; отсутствует; опасно; повреждено; сообщает о проблеме; не устраняет; не работает,52
kp_0003,дорога: нарушение содержания территории,инфраструктура,0.373,34,2,10,77,0.356831,сосновское на есенина 7к1; уже 2; дом по стачек 212 корпус 2; писала обращение 174963796; по адресу бухарестская 31-5; ул. беринга 3; проезд между домами 55; на энергетиков в 60х,нарушение содержания территории,дорога; жители; управляющая компания; нарушение содержания территории; сосновское на есенина 7к1; уже 2; дом по стачек 212 корпус 2; писала обращение 174963796; по адресу бухарестская 31-5; ул. беринга 3; проезд между домами 55; на энергетиков в 60х,не убирает; задержано; загрязнено; повреждено; затоплено; отсутствует; опасно; сообщает о проблеме; не устраняет; не работает,34
kp_0004,дворовая территория: нарушение содержания территории,благоустройство,0.355,38,3,9,79,0.285777,сосновское на есенина 7к1; ул летчика лихолетова 14/2; дом по стачек 212 корпус 2; писала обращение 174963796; улица джона рида дом 7; заявки на 004; ул. дыбенко 27-3; улица ивановская 36,нарушение содержания территории,дворовая территория; жители; управляющая компания; подрядчик; нарушение содержания территории; сосновское на есенина 7к1; ул летчика лихолетова 14/2; дом по стачек 212 корпус 2; писала обращение 174963796; улица джона рида дом 7; заявки на 004; ул. дыбенко 27-3,не убирает; задержано; загрязнено; отсутствует; затоплено; сообщает о проблеме; опасно; не устраняет; повреждено,38
kp_0005,мусор: нарушение содержания территории,жилищно-коммунальное,0.345,40,2,9,87,0.246721,сосновское на есенина 7к1; ул летчика лихолетова 14/2; мусорной реформы от 01; на работу в 5-30; ни разу за 2; ул. беринга 3; ул. дыбенко 27-3; шоссе дома с 170,нарушение содержания территории,мусор; жители; управляющая компания; нарушение содержания территории; сосновское на есенина 7к1; ул летчика лихолетова 14/2; мусорной реформы от 01; на работу в 5-30; ни разу за 2; ул. беринга 3; ул. дыбенко 27-3; шоссе дома с 170,загрязнено; не убирает; задержано; отсутствует; опасно; повреждено; затоплено; не устраняет; сообщает о проблеме,40
kp_0006,парк/сквер: нарушение содержания территории,благоустройство,0.343,23,2,9,47,0.458769,сосновское на есенина 7к1; ни разу за 2; проезд между домами 55; рижский проспект 62; примерно 15-20; шоссе дома с 170; хошимина корпуса 1и; снег у дома 38,нарушение содержания территории,парк/сквер; жители; управляющая компания; нарушение содержания территории; сосновское на есенина 7к1; ни разу за 2; проезд между домами 55; рижский проспект 62; примерно 15-20; шоссе дома с 170; хошимина корпуса 1и; снег у дома 38,не убирает; загрязнено; задержано; отсутствует; сообщает о проблеме; опасно; повреждено; затоплено; не устраняет,23
kp_0007,снег и наледь: затопление/протечка,благоустройство,0.319,17,3,7,45,1.0,очистке крыши дома 52; дом по стачек 212 корпус 2; заявки на 004; ул летчика лихолетова 14/2; елизарова 31; на улице руставели 59; понедельник 21; хошимина корпуса 1и,затопление/протечка,снег и наледь; жители; управляющая компания; подрядчик; затопление/протечка; очистке крыши дома 52; дом по стачек 212 корпус 2; заявки на 004; ул летчика лихолетова 14/2; елизарова 31; на улице руставели 59; понедельник 21,затоплено; не убирает; повреждено; опасно; загрязнено; задержано; не устраняет,17
kp_0008,здание/дом: аварийное состояние,жилищно-коммунальное,0.316,17,3,7,35,0.740991,очистке крыши дома 52; из льда составляет 15; ул народная д2; преклонный возраст 85; ул. краснопутиллвской в доме 61сидим; дома по костромскому 42; парадная 5; чудновского дом 1,аварийное состояние,здание/дом; жители; управляющая компания; администрация; аварийное состояние; очистке крыши дома 52; из льда составляет 15; ул народная д2; преклонный возраст 85; ул. краснопутиллвской в доме 61сидим; дома по костромскому 42; парадная 5,опасно; повреждено; задержано; отсутствует; затоплено; не убирает; сообщает о проблеме,17
kp_0009,здание/дом: затопление/протечка,жилищно-коммунальное,0.316,13,4,8,44,1.0,декабря 21г; очистке крыши дома 52; дом по стачек 212 корпус 2; по адресу бухарестская 31-5; проспект луначарского 84к4; дом постройки 1988; понедельник 21; хошимина корпуса 1и,затопление/протечка,здание/дом; жители; управляющая компания; администрация; подрядчик; затопление/протечка; декабря 21г; очистке крыши дома 52; дом по стачек 212 корпус 2; по адресу бухарестская 31-5; проспект луначарского 84к4; дом постройки 1988,затоплено; задержано; не убирает; повреждено; не устраняет; опасно; загрязнено; отсутствует,13
kp_0010,здание/дом: бездействие исполнителя,жилищно-коммунальное,0.313,13,3,9,34,1.0,декабря 21г; дом по стачек 212 корпус 2; ярослава гашека лом 12/100; писала обращение 174963796; проезд между домами 55; понедельник 21; мини трактор через 10; петергофское шоссе дом 15,бездействие исполнителя,здание/дом; жители; управляющая компания; администрация; бездействие исполнителя; декабря 21г; дом по стачек 212 корпус 2; ярослава гашека лом 12/100; писала обращение 174963796; проезд между домами 55; понедельник 21; мини трактор через 10,задержано; не устраняет; затоплено; не убирает; отсутствует; повреждено; сообщает о проблеме; загрязнено; опасно,13
kp_0011,снег и наледь: бездействие исполнителя,благоустройство,0.305,13,3,8,29,1.0,дом по стачек 212 корпус 2; писала обращение 174963796; заявки на 004; ул летчика лихолетова 14/2; проезд между домами 55; конце января 1; понедельник 21; мини трактор через 10,бездействие исполнителя,снег и наледь; жители; управляющая компания; администрация; бездействие исполнителя; дом по стачек 212 корпус 2; писала обращение 174963796; заявки на 004; ул летчика лихолетова 14/2; проезд между домами 55; конце января 1; понедельник 21,не устраняет; затоплено; не убирает; сообщает о проблеме; отсутствует; задержано; повреждено; опасно,13
kp_0012,здание/дом,жилищно-коммунальное,0.296,58,3,5,67,0.099328,шоссе около дома 55/1; улице шотмана дом 14; что в 2007; жильцы дома 9; улице евдокима огнева 22; сегодня уже 23; это было 13; прошу 1,проблемный сигнал,здание/дом; жители; управляющая компания; администрация; проблемный сигнал; шоссе около дома 55/1; улице шотмана дом 14; что в 2007; жильцы дома 9; улице евдокима огнева 22; сегодня уже 23; это было 13,сообщает о проблеме; задержано; отсутствует; повреждено; не убирает,58
kp_0013,снег и наледь,благоустройство,0.294,34,2,3,37,0.2901,улице шотмана дом 14; происходит в поликлинике 56; сделал прививки 3; улице евдокима огнева 22; это было 13; во дворе чудновского 2/11; домов колейность в 20; она была после 10,проблемный сигнал,снег и наледь; жители; управляющая компания; проблемный сигнал; улице шотмана дом 14; происходит в поликлинике 56; сделал прививки 3; улице евдокима огнева 22; это было 13; во дворе чудновского 2/11; домов колейность в 20; она была после 10,сообщает о проблеме; отсутствует; задержано,34
kp_0014,дорога,инфраструктура,0.293,54,3,5,62,0.117438,вы с сентября 2021; улице шотмана дом 14; жильцы дома 9; переполнена почти в 2; улице евдокима огнева 22; энергетиков дом 40/4; между домами союзный 10; на загородном проспекте 16,проблемный сигнал,дорога; жители; управляющая компания; администрация; проблемный сигнал; вы с сентября 2021; улице шотмана дом 14; жильцы дома 9; переполнена почти в 2; улице евдокима огнева 22; энергетиков дом 40/4; между домами союзный 10,сообщает о проблеме; повреждено; отсутствует; задержано; не убирает,54
kp_0015,дворовая территория: бездействие исполнителя,благоустройство,0.284,11,2,8,25,1.0,дом по стачек 212 корпус 2; писала обращение 174963796; заявки на 004; ул летчика лихолетова 14/2; мини трактор через 10; дворе улицы добровольцев 48; ул. планерная д.67; ул шотмана дом 12,бездействие исполнителя,дворовая территория; жители; управляющая компания; бездействие исполнителя; дом по стачек 212 корпус 2; писала обращение 174963796; заявки на 004; ул летчика лихолетова 14/2; мини трактор через 10; дворе улицы добровольцев 48; ул. планерная д.67; ул шотмана дом 12,не убирает; не устраняет; задержано; затоплено; загрязнено; сообщает о проблеме; повреждено; отсутствует,11
kp_0016,снег и наледь: аварийное состояние,благоустройство,0.277,11,2,6,25,1.0,очистке крыши дома 52; ул. дыбенко 27-3; ул народная д2; на улице руставели 59; дома по костромскому 42; чудновского дом 1; территории между домамиворошилова 25/2; территории между домами 25/2,аварийное состояние,снег и наледь; жители; управляющая компания; аварийное состояние; очистке крыши дома 52; ул. дыбенко 27-3; ул народная д2; на улице руставели 59; дома по костромскому 42; чудновского дом 1; территории между домамиворошилова 25/2; территории между домами 25/2,опасно; затоплено; повреждено; отсутствует; задержано; не убирает,11
kp_0017,парк/сквер,благоустройство,0.269,36,4,3,43,0.186404,шоссе около дома 55/1; вы с сентября 2021; вы с осени 2021; сегодня уже 23; рыбацкий проспект 15; напротив дома ильюшина 2; штраф от 100; арка меду 4,проблемный сигнал,парк/сквер; жители; управляющая компания; администрация; подрядчик; проблемный сигнал; шоссе около дома 55/1; вы с сентября 2021; вы с осени 2021; сегодня уже 23; рыбацкий проспект 15; напротив дома ильюшина 2,сообщает о проблеме; задержано; отсутствует,36
kp_0018,дорога: затопление/протечка,инфраструктура,0.267,9,2,5,29,1.0,уже 2; дом по стачек 212 корпус 2; по адресу бухарестская 31-5; петергофское шоссе 73; дом постройки 1988; на композиторов 29; фото сделано 21,затопление/протечка,дорога; жители; управляющая компания; затопление/протечка; уже 2; дом по стачек 212 корпус 2; по адресу бухарестская 31-5; петергофское шоссе 73; дом постройки 1988; на композиторов 29; фото сделано 21; инфраструктура,затоплено; не убирает; загрязнено; задержано; повреждено,9
kp_0019,дворовая территория,благоустройство,0.266,31,3,5,35,0.211466,улице шотмана дом 14; ул гвардейская 8; уже 40; улице евдокима огнева 22; сегодня уже 23; во дворе чудновского 2/11; она была после 10; этот месяц жкс 2,проблемный сигнал,дворовая территория; жители; управляющая компания; администрация; проблемный сигнал; улице шотмана дом 14; ул гвардейская 8; уже 40; улице евдокима огнева 22; сегодня уже 23; во дворе чудновского 2/11; она была после 10,сообщает о проблеме; отсутствует; задержано; повреждено; не убирает,31
kp_0020,дорога: бездействие исполнителя,инфраструктура,0.263,7,3,8,17,1.0,дом по стачек 212 корпус 2; писала обращение 174963796; проезд между домами 55; конце января 1; мини трактор через 10; по адресу бестужевская 61; ул шотмана дом 12,бездействие исполнителя,дорога; жители; управляющая компания; администрация; бездействие исполнителя; дом по стачек 212 корпус 2; писала обращение 174963796; проезд между домами 55; конце января 1; мини трактор через 10; по адресу бестужевская 61; ул шотмана дом 12,сообщает о проблеме; отсутствует; не убирает; затоплено; повреждено; не устраняет; задержано; опасно,7
kp_0021,парк/сквер: бездействие исполнителя,благоустройство,0.254,7,3,8,15,1.0,ни разу за 2; проезд между домами 55; конце января 1; мини трактор через 10; по адресу бестужевская 61,бездействие исполнителя,парк/сквер; жители; управляющая компания; администрация; бездействие исполнителя; ни разу за 2; проезд между домами 55; конце января 1; мини трактор через 10; по адресу бестужевская 61; благоустройство,отсутствует; не устраняет; сообщает о проблеме; опасно; повреждено; загрязнено; задержано; затоплено,7
kp_0022,водоснабжение: затопление/протечка,жилищно-коммунальное,0.253,7,3,5,20,0.897661,декабря 21г; по адресу бухарестская 31-5; проспект луначарского 84к4; дом постройки 1988; ул. павловская д17; от дома 13,затопление/протечка,водоснабжение; жители; управляющая компания; администрация; затопление/протечка; декабря 21г; по адресу бухарестская 31-5; проспект луначарского 84к4; дом постройки 1988; ул. павловская д17; от дома 13; жилищно-коммунальное,затоплено; задержано; не устраняет; загрязнено; отсутствует,7
kp_0023,дорога: аварийное состояние,инфраструктура,0.251,8,3,5,16,1.0,из льда составляет 15; на сегодняшний день 24; ул народная д2; парадная 5; территории между домамиворошилова 25/2; территории между домами 25/2,аварийное состояние,дорога; жители; управляющая компания; администрация; аварийное состояние; из льда составляет 15; на сегодняшний день 24; ул народная д2; парадная 5; территории между домамиворошилова 25/2; территории между домами 25/2; инфраструктура,опасно; повреждено; не убирает; отсутствует; задержано,8
kp_0024,дворовая территория: затопление/протечка,благоустройство,0.244,6,3,5,17,1.0,дом по стачек 212 корпус 2; заявки на 004; ул летчика лихолетова 14/2; хошимина корпуса 1и; по адресу прибрежная 2/41,затопление/протечка,дворовая территория; жители; управляющая компания; подрядчик; затопление/протечка; дом по стачек 212 корпус 2; заявки на 004; ул летчика лихолетова 14/2; хошимина корпуса 1и; по адресу прибрежная 2/41; благоустройство,затоплено; не убирает; не устраняет; задержано; повреждено,6
kp_0025,тротуар,инфраструктура,0.243,10,2,3,14,0.445238,шоссе около дома 55/1; спасть на протяжении 2; тротуар у дома 9; гатчинское шоссе 12кор; дома искровский проспект 6; лед вдоль домов 20-40,проблемный сигнал,тротуар; жители; управляющая компания; проблемный сигнал; шоссе около дома 55/1; спасть на протяжении 2; тротуар у дома 9; гатчинское шоссе 12кор; дома искровский проспект 6; лед вдоль домов 20-40; инфраструктура,сообщает о проблеме; отсутствует; задержано,10
kp_0026,мусор,жилищно-коммунальное,0.239,10,2,3,10,0.754762,домов колейность в 20; проспект героев дом 24 корпус 2; поликлиника 48; же заменят маршрутку 289; слива являются более 15; арки по ростовской 14-16,проблемный сигнал,мусор; жители; управляющая компания; проблемный сигнал; домов колейность в 20; проспект героев дом 24 корпус 2; поликлиника 48; же заменят маршрутку 289; слива являются более 15; арки по ростовской 14-16; жилищно-коммунальное,сообщает о проблеме; задержано; отсутствует,10
kp_0027,дворовая территория: аварийное состояние,благоустройство,0.233,6,3,3,13,1.0,из льда составляет 15; ул. дыбенко 27-3; чудновского дом 1; ул тихоокеанская д18; территории между домамиворошилова 25/2,аварийное состояние,дворовая территория; жители; администрация; управляющая компания; аварийное состояние; из льда составляет 15; ул. дыбенко 27-3; чудновского дом 1; ул тихоокеанская д18; территории между домамиворошилова 25/2; благоустройство,опасно; не убирает; отсутствует,6
kp_0028,тротуар: нарушение содержания территории,инфраструктура,0.233,9,2,5,14,0.870833,улица джона рида дом 7; ул летчика лихолетова 14/2,нарушение содержания территории,тротуар; жители; управляющая компания; нарушение содержания территории; улица джона рида дом 7; ул летчика лихолетова 14/2; инфраструктура,загрязнено; сообщает о проблеме; не убирает; задержано; затоплено,9
kp_0029,общественный транспорт: нарушение содержания территории,транспорт,0.231,5,2,6,14,1.0,уже 2; на работу в 5-30; адресу пограничника гарькавого 28,нарушение содержания территории,общественный транспорт; жители; управляющая компания; нарушение содержания территории; уже 2; на работу в 5-30; адресу пограничника гарькавого 28; транспорт,не убирает; загрязнено; затоплено; повреждено; задержано; отсутствует,5
kp_0030,мусор: бездействие исполнителя,жилищно-коммунальное,0.227,4,3,5,16,1.0,декабря 21г; ни разу за 2,бездействие исполнителя,мусор; жители; управляющая компания; администрация; бездействие исполнителя; декабря 21г; ни разу за 2; жилищно-коммунальное,задержано; не устраняет; загрязнено; затоплено; не убирает,4
kp_0031,парк/сквер: затопление/протечка,благоустройство,0.227,5,3,6,11,1.0,хошимина корпуса 1и; фото сделано 21,затопление/протечка,парк/сквер; жители; управляющая компания; подрядчик; затопление/протечка; хошимина корпуса 1и; фото сделано 21; благоустройство,затоплено; не убирает; повреждено; загрязнено; не устраняет; опасно,5
kp_0032,общественный транспорт,транспорт,0.226,23,2,4,28,0.22521,шоссе около дома 55/1; дублирование его автобусами 1; этого требует сп 98; же заменят маршрутку 289; улице маршала казакова 82/1; перекрестку ежедневно с 6; автобус нарушая пдд 12,проблемный сигнал,общественный транспорт; жители; управляющая компания; проблемный сигнал; шоссе около дома 55/1; дублирование его автобусами 1; этого требует сп 98; же заменят маршрутку 289; улице маршала казакова 82/1; перекрестку ежедневно с 6; автобус нарушая пдд 12; транспорт,сообщает о проблеме; отсутствует; задержано; повреждено,23
kp_0033,снег и наледь: отсутствие услуги,благоустройство,0.224,5,2,5,11,1.0,на энергетиков в 60х; дома по костромскому 42; во дворах чудновского 2/11,отсутствие услуги,снег и наледь; жители; управляющая компания; отсутствие услуги; на энергетиков в 60х; дома по костромскому 42; во дворах чудновского 2/11; благоустройство,отсутствует; задержано; не убирает; опасно; повреждено,5
kp_0034,мусор: затопление/протечка,жилищно-коммунальное,0.222,3,3,6,14,1.0,декабря 21г,затопление/протечка,мусор; жители; управляющая компания; администрация; затопление/протечка; декабря 21г; жилищно-коммунальное,затоплено; не устраняет; задержано; загрязнено; не убирает; повреждено,3
kp_0035,здание/дом: отсутствие услуги,жилищно-коммунальное,0.221,4,1,6,11,1.0,мусорной реформы от 01; на энергетиков в 60х; дома по костромскому 42,отсутствие услуги,здание/дом; жители; отсутствие услуги; мусорной реформы от 01; на энергетиков в 60х; дома по костромскому 42; жилищно-коммунальное,отсутствует; задержано; не убирает; загрязнено; опасно; повреждено,4
kp_0036,общественный транспорт: затопление/протечка,транспорт,0.219,4,2,5,12,1.0,уже 2; фото сделано 21,затопление/протечка,общественный транспорт; жители; управляющая компания; затопление/протечка; уже 2; фото сделано 21; транспорт,затоплено; повреждено; загрязнено; задержано; опасно,4
kp_0037,подъезд: аварийное состояние,жилищно-коммунальное,0.215,4,3,4,8,1.0,работает освещение в 3м; подъезд 4,аварийное состояние,подъезд; жители; подрядчик; управляющая компания; аварийное состояние; работает освещение в 3м; подъезд 4; жилищно-коммунальное,опасно; затоплено; не убирает; не работает,4
kp_0038,освещение: аварийное состояние,безопасность,0.211,3,2,5,7,1.0,работает освещение в 3м; том что 90,аварийное состояние,освещение; жители; подрядчик; аварийное состояние; работает освещение в 3м; том что 90; безопасность,не работает; опасно; повреждено; отсутствует; затоплено,3
kp_0039,подъезд: бездействие исполнителя,жилищно-коммунальное,0.211,2,2,6,6,1.0,ярослава гашека лом 12/100; мини трактор через 10,бездействие исполнителя,подъезд; управляющая компания; жители; бездействие исполнителя; ярослава гашека лом 12/100; мини трактор через 10; жилищно-коммунальное,не убирает; не устраняет; загрязнено; задержано; повреждено; отсутствует,2
kp_0040,социальное обслуживание и защита,социальное обслуживание и защита,0.211,8,2,3,14,0.345588,на самых незащищенных 3; список на 2021; младшей 3; выплаты как малоимущие 2; наши дети достигшие 18,проблемный сигнал,социальное обслуживание и защита; жители; управляющая компания; проблемный сигнал; на самых незащищенных 3; список на 2021; младшей 3; выплаты как малоимущие 2; наши дети достигшие 18,задержано; сообщает о проблеме; отсутствует,8
kp_0041,водоснабжение: бездействие исполнителя,жилищно-коммунальное,0.209,2,3,3,10,1.0,декабря 21г; от дома 13,бездействие исполнителя,водоснабжение; жители; управляющая компания; администрация; бездействие исполнителя; декабря 21г; от дома 13; жилищно-коммунальное,не устраняет; затоплено; задержано,2
kp_0042,подъезд: нарушение содержания территории,жилищно-коммунальное,0.208,2,2,6,7,1.0,ярослава гашека лом 12/100,нарушение содержания территории,подъезд; управляющая компания; жители; нарушение содержания территории; ярослава гашека лом 12/100; жилищно-коммунальное,не убирает; не устраняет; загрязнено; задержано; опасно; затоплено,2
kp_0043,дорога: техническая неисправность,инфраструктура,0.207,3,2,5,7,1.0,на поверхности больше 30,техническая неисправность,дорога; управляющая компания; жители; техническая неисправность; на поверхности больше 30; инфраструктура,не работает; не убирает; отсутствует; повреждено; задержано,3
kp_0044,освещение: затопление/протечка,безопасность,0.207,2,2,5,6,1.0,заявки на 004; работает освещение в 3м,затопление/протечка,освещение; жители; подрядчик; затопление/протечка; заявки на 004; работает освещение в 3м; безопасность,затоплено; не убирает; не устраняет; не работает; опасно,2
kp_0045,освещение,безопасность,0.207,7,1,2,7,0.621795,долгах свыше 500; по гост 52289-2019,проблемный сигнал,освещение; жители; проблемный сигнал; долгах свыше 500; по гост 52289-2019; безопасность,сообщает о проблеме; отсутствует,7
kp_0046,тротуар: бездействие исполнителя,инфраструктура,0.205,3,2,4,5,1.0,ул летчика лихолетова 14/2; от дома 13,бездействие исполнителя,тротуар; управляющая компания; жители; бездействие исполнителя; ул летчика лихолетова 14/2; от дома 13; инфраструктура,не устраняет; не убирает; затоплено; задержано,3
kp_0047,тротуар: затопление/протечка,инфраструктура,0.205,3,2,4,5,1.0,ул летчика лихолетова 14/2; от дома 13,затопление/протечка,тротуар; управляющая компания; жители; затопление/протечка; ул летчика лихолетова 14/2; от дома 13; инфраструктура,затоплено; не убирает; задержано; не устраняет,3
kp_0048,подъезд: затопление/протечка,жилищно-коммунальное,0.2,2,2,4,6,1.0,работает освещение в 3м,затопление/протечка,подъезд; жители; подрядчик; затопление/протечка; работает освещение в 3м; жилищно-коммунальное,опасно; затоплено; не убирает; не работает,2
kp_0049,освещение: техническая неисправность,безопасность,0.199,2,2,4,5,1.0,работает освещение в 3м,техническая неисправность,освещение; подрядчик; жители; техническая неисправность; работает освещение в 3м; безопасность,не работает; повреждено; опасно; затоплено,2
kp_0050,парк/сквер: аварийное состояние,благоустройство,0.198,3,1,3,5,1.0,территории между домамиворошилова 25/2; территории между домами 25/2,аварийное состояние,парк/сквер; жители; аварийное состояние; территории между домамиворошилова 25/2; территории между домами 25/2; благоустройство,опасно; не устраняет; затоплено,3
kp_0051,дорога: отсутствие услуги,инфраструктура,0.196,3,1,3,6,1.0,на энергетиков в 60х,отсутствие услуги,дорога; жители; отсутствие услуги; на энергетиков в 60х; инфраструктура,отсутствует; задержано; повреждено,3
kp_0052,водоснабжение: нарушение содержания территории,жилищно-коммунальное,0.195,2,2,3,4,1.0,по адресу бухарестская 31-5,нарушение содержания территории,водоснабжение; жители; управляющая компания; нарушение содержания территории; по адресу бухарестская 31-5; жилищно-коммунальное,загрязнено; затоплено; задержано,2
kp_0053,освещение: нарушение содержания территории,безопасность,0.195,2,1,4,5,1.0,заявки на 004,нарушение содержания территории,освещение; жители; нарушение содержания территории; заявки на 004; безопасность,не убирает; не устраняет; затоплено; задержано,2
kp_0054,лифт,жилищно-коммунальное,0.19,2,2,2,3,0.410714,что в 2007,проблемный сигнал,лифт; жители; управляющая компания; проблемный сигнал; что в 2007; жилищно-коммунальное,задержано; сообщает о проблеме,2
kp_0055,медицина,медицина,0.185,3,1,2,3,0.452381,по 18,проблемный сигнал,медицина; жители; проблемный сигнал; по 18,сообщает о проблеме; отсутствует,3
kp_0056,телефонные обращения по вопросам здравоохранения,телефонные обращения по вопросам здравоохранения,0.185,4,1,2,4,0.392857,долго более 10,проблемный сигнал,телефонные обращения по вопросам здравоохранения; жители; проблемный сигнал; долго более 10,сообщает о проблеме; задержано,4
kp_0057,подъезд,жилищно-коммунальное,0.182,6,2,1,6,0.470833,убирают 1; арка меду 4; перекрестку ежедневно с 6; на чердак во 2; дома искровский проспект 6,проблемный сигнал,подъезд; жители; управляющая компания; проблемный сигнал; убирают 1; арка меду 4; перекрестку ежедневно с 6; на чердак во 2; дома искровский проспект 6; жилищно-коммунальное,сообщает о проблеме,6
kp_0058,торговля,торговля,0.182,12,1,3,13,0.309524,,проблемный сигнал,торговля; жители; проблемный сигнал,сообщает о проблеме; отсутствует; задержано,12
kp_0059,благоустройство,благоустройство,0.179,25,3,2,26,0.132773,ул авангардная д23; большая пороховская 56; срок до 21; просвещения 15; переулок декабристов д 8,проблемный сигнал,благоустройство; жители; подрядчик; управляющая компания; проблемный сигнал; ул авангардная д23; большая пороховская 56; срок до 21; просвещения 15; переулок декабристов д 8,сообщает о проблеме; задержано,25
kp_0060,здравоохранение/медицина,здравоохранение/медицина,0.178,6,1,3,7,0.314103,го декабря 2021; очень много вызовов 56пликлиника; диабетом выписывают по 3; по обращению в 95,проблемный сигнал,здравоохранение/медицина; жители; проблемный сигнал; го декабря 2021; очень много вызовов 56пликлиника; диабетом выписывают по 3; по обращению в 95,сообщает о проблеме; отсутствует; задержано,6
kp_0061,дворы и территории общего пользования,дворы и территории общего пользования,0.177,10,2,3,10,0.295238,глубиной до 40,проблемный сигнал,дворы и территории общего пользования; жители; управляющая компания; проблемный сигнал; глубиной до 40,сообщает о проблеме; отсутствует; задержано,10
kp_0062,дороги,дороги,0.174,17,1,4,18,0.168091,срок до 23; обещали сначала до 11; заявка принята 2февраля; большая пороховская 56; уже на 2035-2050; уже ждем 50; ворошилова 25/1,проблемный сигнал,дороги; жители; проблемный сигнал; срок до 23; обещали сначала до 11; заявка принята 2февраля; большая пороховская 56; уже на 2035-2050; уже ждем 50; ворошилова 25/1,сообщает о проблеме; задержано; отсутствует; опасно,17
kp_0063,мусор/свалки/тко,мусор/свалки/тко,0.174,7,1,2,7,0.336364,катерников 7,проблемный сигнал,мусор/свалки/тко; жители; проблемный сигнал; катерников 7,сообщает о проблеме; задержано,7
kp_0064,автомобильные дороги,автомобильные дороги,0.163,9,2,2,9,0.288462,,проблемный сигнал,автомобильные дороги; управляющая компания; жители; проблемный сигнал,сообщает о проблеме; задержано,9
kp_0065,дороги: нарушение содержания территории,дороги,0.157,3,2,1,3,1.0,бабушкина 52,нарушение содержания территории,дороги; жители; администрация; нарушение содержания территории; бабушкина 52,не убирает,3
kp_0066,образование,образование,0.156,10,1,3,11,0.192105,ребенку 3; за фомина 14; сиреневый бульвар 1; дорог уже лет 6; ул. вологдина в 2023; городе только 100; ребенка имеет инвалидность 3,проблемный сигнал,образование; жители; проблемный сигнал; ребенку 3; за фомина 14; сиреневый бульвар 1; дорог уже лет 6; ул. вологдина в 2023; городе только 100; ребенка имеет инвалидность 3,сообщает о проблеме; задержано; отсутствует,10
kp_0067,многоквартирные дома,многоквартирные дома,0.154,3,1,1,3,0.404762,проверялась в течение 40,проблемный сигнал,многоквартирные дома; жители; проблемный сигнал; проверялась в течение 40,сообщает о проблеме,3
kp_0068,жкх,жкх,0.153,7,1,3,7,0.233333,ленинский проспект 77; планируются выполняться с 12; пс взял 30; заявка по телефону 6040000; нас во 2,проблемный сигнал,жкх; жители; проблемный сигнал; ленинский проспект 77; планируются выполняться с 12; пс взял 30; заявка по телефону 6040000; нас во 2,сообщает о проблеме; задержано; отсутствует,7
kp_0069,безопасность,безопасность,0.15,3,1,1,3,0.5,,проблемный сигнал,безопасность; жители; проблемный сигнал,сообщает о проблеме,3
kp_0070,дороги: аварийное состояние,дороги,0.15,3,1,1,3,1.0,,аварийное состояние,дороги; жители; аварийное состояние,опасно,3
kp_0071,коронавирус,коронавирус,0.15,3,1,1,3,0.5,,проблемный сигнал,коронавирус; жители; проблемный сигнал,сообщает о проблеме,3
